" The customer does not exist in the system anymore."," Kupec ne obstaja več v sistemu."
" [deleted]"," [izbrisano]"
" and "," in "
"%s (Default Template from Locale)","%s (Privzeta predloga iz območnih nastavitev)"
"%s cache type(s) disabled.","%s vrsta(e) predpomnilnika onomogočena(e)."
"%s cache type(s) enabled.","%s vrste predpomnilnika omogočene."
"%s cache type(s) refreshed.","%s vrste predpomnilnika osvežene."
"(For Type ""Local Server"" need to use relative path to Magento install var/export or var/import, e.g. var/export, var/import, var/export/some/dir, var/import/some/dir)","(Za vrsto ""lokalni strežnik"" je potrebno uporabiti relativno pot za namestitev Magento var/export ali var/import, npr. var/export, var/import, var/export/some/dir, var/import/some/dir)"
"(For US 2-letter state names)","(Za US 2-črkovna imena zvezvnih držav)"
"(If left empty will be auto-generated)","(Če je izpuščeno, bo avtomatsko generirano)"
"(Leave empty for first spreadsheet)","(Pustite prazno za prvo preglednico)"
"(Products will be added/updated to this store if 'store' column is blank or missing in the import file.)","(Produkti bodo dodani/posodobljeni za to trgovino, če je stolpec 'store' prazen ali manjka datoteki uvoza.)"
"(Shift-)Click or drag to change value","(Shift-)klik ali povlecite, da spremenite vrednost"
"(Starting with)","(Začeto z)"
"(When 'No', only mapped fields will be imported. When mapping, use 'column1', 'column2', etc.)","(Ko je 'No', bodo uvožena samo preslikana polja. Ko preslikavate, uporabite 'stolpec1', 'stolpec2' itd.)"
"(You have to increase php memory_limit before changing this value)","(Povečati morate php memory_limit preden spreminjate to vrednost)"
"(\\t for tab)","(\\t za tabulator)"
"* - If indexing is in progress, it will be killed and new indexing process will start.","* - Če je v poteku indeksiranje, bo ubito in začel se bo nov proces indeksiranja."
"* Required Fields","* Zahtevana polja"
"- Click on any of the time parts to increase it","- Kliknite na katerikoli časovni del, da povečate"
"- Hold mouse button on any of the above buttons for faster selection.","- Držite gumb miške na kateremkoli od zgornjih gumbov za hitrejšo izbiro."
"- Use the %s buttons to select month","- Uporabite %s gumbe, da izberete mesec"
"- Use the %s buttons to select month","- Uporabite gumbe %s, da izberete mesec"
"- Use the %s, %s buttons to select month","- Uporabite gumbe %s, %s, da izberete mesec"
"- Use the %s, %s buttons to select year","- Uporabite gumbe %s, %s, da izberete leto"
"- or Shift-click to decrease it","- ali shift-klik, da zmanjšate"
"- or click and drag for faster selection.","- ali kliknite in povlecite za hitrejšo izbiro."
"-- Not Selected --","-- Ni izbrano --"
"-- Please Select --","-- Prosimo, izberite --"
"-- Please Select Billing Agreement--","-- Prosimo, izberite sporazum izstavitve računa--"
"-- Please Select a Category --","-- Prosimo, izberite kategorijo --"
"-- Please select --","-- Prosimo, izberite --"
"--Please Select--","--Prosimo, izberite--"
"1 Hour","1 ura"
"12 Hours","12 ur"
"12h AM/PM","12h AM/PM"
"2 Hours","2 uri"
"24 Hours","24 ur"
"24h","24h"
"2YTD","2YTD"
"6 Hours","6 ur"
"<h1 class=""page-heading"">404 Error</h1><p>Page not found.</p>","<h1 class=""page-heading"">Napaka 404</h1><p>Strani ni mogoče najti.</p>"
"<strong>%s</strong> requests access to your account","<strong>%s</strong> zahteva dostop do vašega računa"
"<strong>Attention</strong>: Captcha is case sensitive.","<strong>Pozor</strong>: Captcha razlikuje med velikimi in malimi črkami."
"A user with the same user name or email aleady exists.","Uporabnik z enakim uporabniškim imenom ali e-pošto že obstaja."
"API Key","ključ API"
"API Key Confirmation","Potrditev ključa API"
"ASCII","ASCII"
"Abandoned Carts","Opuščene košarice"
"About the calendar","O koledarju"
"Access Denied","Dostop zavrnjen"
"Access denied","Dostop zavrnjen"
"Access denied.","Dostop zavrnjen."
"Account Created in:","Račun ustvarjen v:"
"Account Created on (%s):","Račun ustvarjen na (%s):"
"Account Created on:","Račun ustvarjen na:"
"Account Information","Informacije računa"
"Account Status","Status računa"
"Account status","Status računa"
"Action","Akcija"
"Actions","Akcije"
"Actions XML","XML akcije"
"Active","Aktivno"
"Add","Dodajte"
"Add Exception","Dodajte izjemo"
"Add Field Mapping","Dodajte preslikavo polja"
"Add Field with URL:","Dodajte polje z URL-jem:"
"Add New","Dodajte novo"
"Add New Block","Dodajte nov blok"
"Add New Image","Dodajte novo sliko"
"Add New Profile","Dodajte nov profil"
"Add New Role","Dodajte novo vlogo"
"Add New Template","Dodajte novo predlogo"
"Add New URL Rewrite","Dodajte nov prepis URL-ja"
"Add New User","Dodajte novega uporabnika"
"Add New Variable","Dodajte novo spremenljivko"
"Add Products","Dodajte produkte"
"Add URL Rewrite","Dodajte prepis URL-ja"
"Add URL Rewrite for a Category","Dodajte prepis URL-ja za kategorijo"
"Add URL Rewrite for a Product","Dodajte prepis URL-ja za produkt"
"Add after","Dodajte za"
"Add new variable","Dodajte novo spremenljivko"
"Add to category","Dodajte kategoriji"
"Additional Cache Management","Dodatno upravljanje predpomnilnika"
"Address Type:","Tip naslova:"
"Admin","Admin"
"Advanced Admin Section","Napredna admin sekcija"
"Advanced Profiles","Napredni profili"
"Advanced Section","Napredna sekcija"
"After authorization application will have access to you account.","Po avtorizaciji bo imela aplikacija dostop do vašega računa."
"All","Vse"
"All Allowed Countries","Vse dovoljene države"
"All Cache","Ves predpomnilnik"
"All Files","Vse datoteke"
"All Reviews","Vsa mnenja"
"All Store Views","Vsi pogledi trgovine"
"All Storefronts","Vse prodajalne"
"All Tags","Vsi zavihki"
"All Websites","Vse spletne strani"
"All countries","Vse države"
"All fields","Vsa polja"
"All possible rates were fetched, please click on ""Save"" to apply","Vse možne stopnje so bile ujete, prosimo, kliknite na ""Shranite"", da uporabite"
"All rates were fetched, please click on ""Save"" to apply","Vse stopnje so bile ujete, prosimo, kliknite na ""Shranite"", da uporabite"
"All valid rates have been saved.","Vse veljavne stopnje so bile shranjene."
"Allowed","Dovoljeno"
"Already in category","Že v kategoriji"
"Always (during development)","Vedno (med razvojem)"
"Amounts","Zneski"
"An error has occured while syncronizing media storages.","Prišlo je do napake med sinhronizacijo skladišč medijev."
"An error occurred while clearing the JavaScript/CSS cache.","Prišlo je do napake med čiščenjem predpomnilnika JavaScript/CSS."
"An error occurred while clearing the configurable swatches image cache.","Prišlo je do napake med čiščenjem nastavljivih vzorcev predpomnilnika slike."
"An error occurred while clearing the image cache.","Prišlo je do napake med čiščenjem predpomnilnika slike."
"An error occurred while deleting URL Rewrite.","Prišlo je do napake med brisanjem prepisa URL-ja."
"An error occurred while deleting email template data. Please review log and try again.","Prišlo je do napake med brisanjem predloge podatkov e-pošte. Prosimo, preglejte dnevnik in poskusite ponovno."
"An error occurred while deleting record(s).","Prišlo je do napake med brisanjem vnosov."
"An error occurred while deleting this role.","Med brisanjem te vloge je prišlo do napake."
"An error occurred while deleting this set.","Med brisanjem tega nabora je prišlo do napake ."
"An error occurred while deleting this template.","Med brisanjem te predloge je prišlo do napake."
"An error occurred while finishing process. Please refresh the cache","Med zaključevanjem tega procesa je prišlo do napake. Prosimo, osvežite predpomnilnik"
"An error occurred while rebuilding the CatalogInventory Stock Status.","Med ponovno gradnjo statusa zaloge CatalogInventory je prišlo do napake."
"An error occurred while rebuilding the catalog index.","Prišlo je do napake med ponovno gradnjo indeksa kataloga."
"An error occurred while rebuilding the flat catalog category.","Med ponovno gradnjo ravnega kataloga kategorij je prišlo do napake."
"An error occurred while rebuilding the flat product catalog.","Med ponovno gradnjo ravnega kataloga produktov je prišlo do napake."
"An error occurred while rebuilding the search index.","Med ponovno gradnjo indeksa iskanja je prišlo do napake."
"An error occurred while refreshing roles.","Med osveževanjem vlog je prišlo do napake."
"An error occurred while refreshing the Catalog Rewrites.","Pri osveževanju prepisov kataloga je prišlo do napake."
"An error occurred while refreshing the Layered Navigation indices.","Med osveževanjem indeksov nivojske navigacije je prišlo do napake."
"An error occurred while refreshing the catalog rewrites.","Pri osveževanju prepisov kataloga je prišlo do napake."
"An error occurred while refreshing the layered navigation indices.","Pri osveževanju indeksov nivojske navigacije je prišlo do napake."
"An error occurred while saving URL Rewrite.","Pri shranjevanju prepisa URL-ja je prišlo do napake."
"An error occurred while saving account.","Med shranjevanjem računa je prišlo do napake."
"An error occurred while saving review.","Pri shranjevanju mnenja je prišlo do napake."
"An error occurred while saving the customer.","Pri shranjevanju kupca je prišlo do napake."
"An error occurred while saving this configuration:","Pri shranjevanju teh nastavitev je prišlo do napake:"
"An error occurred while saving this role.","Pri shranjevanju te vloge je prišlo do napake."
"An error occurred while saving this template.","Pri shranjevanju te predloge je prišlo do napake."
"An error occurred while updating the selected review(s).","Med posodabljanjem izbranega mnenja je prišlo do napake."
"Any","Katerikoli"
"Any Attribute Set","Katerikoli nabor atributov"
"Any Group","Katerakoli skupina"
"Any Status","Katerikoli status"
"Any Store","Katerakoli trgovina"
"Any Type","Katerikoli tip"
"Any Visibility","Katerakoli vidnost"
"Any data created since the backup was made will be lost including admin users, customers and orders.","Katerikoli podatki ustvarjeni odkar je bil narejen backup, bodo izgubljeni, vključno z administratorskimi uporabniki, kupci in naročili."
"Archive file name:","Arhivirajte ime datoteke:"
"Are you sure that you want to delete this template?","Ste prepričani, da želite izbrisati to predlogo?"
"Are you sure that you want to strip tags?","Ste prepričani, da želite počistiti značke?"
"Are you sure you want to do this?","Ste prepričani, da želite to narediti?"
"Are you sure you want to proceed?","Ste prepričani, da želite nadaljevati?"
"Area","Področje"
"As low as:","Tako nizko kot:"
"Assigned","Dodeljeno"
"Associated Tags","Povezane oznake"
"Attribute Set Name:","Ime nabora atributov:"
"Attributes","Atributi"
"Authorization confirmed","Avtorizacija potrjena"
"Authorize","Avtorizacija"
"Authorize application","Avtorizacija aplikacije"
"Authorized OAuth Tokens","Avtorizirajte žetone OAuth"
"Automatic (equalize price ranges)","Avtomatsko (izenačite območja cen)"
"Automatic (equalize product counts)","Avtomatsko (izenačite število produktov)"
"Average Order Amount","Poprečni znesek naročil"
"Average Orders","Povprečna naročila"
"BINARY","BINARNO"
"Back","Nazaj"
"Back to Login","Nazaj na prijavo"
"Backup","Varnostna kopija"
"Backup Name","Ime varnostne kopije"
"Backup options","Opcije varnostne kopije"
"Backups","Varnostne kopije"
"Base currency","Osnovna valuta"
"Bcc","Bcc"
"Bestsellers","Najboljše prodajte"
"Billing Address","Naslovi izstavitve računa"
"Billing Address: ","Naslovi izstavitve računa: "
"Billing Agreement","Sporazum izstavitve računa"
"Billing Agreements","Sporazumi izstavitve računa"
"Block Details","Podrobnosti bloka"
"Block Information","Informacije bloka"
"Block Name","Ime bloka"
"Block Name is incorrect.","Ime bloka ni pravilno."
"Block Name is required field.","Ime bloka je zahtevano polje."
"Block has been deleted.","Blok je bil izbrisan."
"Blocks","Bloki"
"Both (without and with tax)","Oboje (brez in z davkom)"
"Both IPN and PDT","Oboje IPN in PDT"
"Browse Files...","Brskajte po datotekah ..."
"Bundle with dynamic pricing cannot include custom defined options. Options will not be saved.","Paket z dinamičnimi cenami ne more vključevati opcij definiranih po meri. Opcije ne bodo shranjene."
"CMS","CMS"
"CRITICAL","KRITIČNO"
"CSV","CSV"
"CSV / Tab separated","CSV / ločeno s tabulatorju"
"Cache Control","Krmiljenje predpomnilnika"
"Cache Control (beta)","Krmiljenje predpomnilnika (beta)"
"Cache Management","Upravljanje predpomnilnika"
"Cache Type","Tip predpomnilnika"
"Cancel","Prekličite"
"Cancel detach","Prekličite odstranitev"
"Cannot add new comment.","Dodajanje novega komentarja ni mogoče."
"Cannot add tracking number.","Dodajanje številke sledenja ni mogoče."
"Cannot create an invoice without products.","Ustvarjanje računa brez produktov ni mogoče."
"Cannot create credit memo for the order.","Ustvarjanje dobropisa za naročilo ni mogoče."
"Cannot delete the design change.","Izbris spremembe oblike ni mogoč."
"Cannot delete tracking number.","Izbris številke sledenja ni mogoč."
"Cannot do shipment for the order separately from invoice.","Dostava za naročilo ločeno od računa ni mogoča."
"Cannot do shipment for the order.","Dostava za to naročilo ni mogoča."
"Cannot initialize shipment for adding tracking number.","Inicializacija dostave za dodajanje številke sledenja ni mogoča."
"Cannot initialize shipment for delete tracking number.","Inicializacija dostave za brisanje številke sledenja ni mogoča."
"Cannot load track with retrieving identifier.","Nalaganje sledi s pridobljenim identifikatorjem ni mogoče."
"Cannot retrieve tracking number detail.","Pridobivanje številke sledenja podrobnosti ni mogoče."
"Cannot save shipment.","Shranjevanje dostave ni mogoče."
"Cannot save the credit memo.","Shranjevanje dobropisa ni mogoče."
"Cannot send shipment information.","Pošiljanje informacij dostave ni mogoče."
"Cannot update item quantity.","Posodobitev elementa količine ni mogoče."
"Cannot update the item\'s quantity.","Posodobitev količine elementa ni mogoče."
"Card Verification Number","Potrditvena številka kartice"
"Catalog","Katalog"
"Catalog Price Rules","Pravila cen kataloga"
"Catalog Rewrites","Prepisi kataloga"
"Categories","Kategorije"
"Category","Kategorija"
"Category:","Kategorija:"
"Chart is disabled. If you want to enable chart, click <a href=""%s"">here</a>.","Grafikon je onemogočen. Če želite omogočiti, kliknite <a href=""%s"">tu</a>."
"Checkbox","Potrditveno polje"
"Child Transactions","Otroške transakcije"
"Choose Store View:","Izberite pogled trgovine:"
"Choose an attribute","Izberite atribut"
"Chosen category does not associated with any website, so url rewrite is not possible.","Izbrana kategorija ni povezana s katerokoli spletno stranjo, torej prepis url-ja ni možen."
"Chosen product does not associated with any website, so url rewrite is not possible.","Izbrani produkti niso povezani s katerokoli spletno stranjo, torej prepis url-ja ni možen."
"Clear","Počistite"
"Close","Zaprite"
"Code","Koda"
"Comment text field cannot be empty.","Polje teksta komentarja ne more biti prazno."
"Complete","Zaključite"
"Config form fieldset clone model required to be able to clone fields","Klonirani model nabora polj obrazca nastavitev je zahtevan, da se lahko polja klonira"
"Configuration","Konfiguracija"
"Confirm New Password","Potrdite novo geslo"
"Confirm token authorization Pop Up for admin","Popup potrditve avtorizacije žetona za administratorja"
"Confirm token authorization for admin","Potrdite žeton avtorizacije za administratorja"
"Confirmation Of Authorization","Potrditev avtorizacije"
"Confirmed email:","Potrjena e-pošta:"
"Connect with the Magento Community","Povežite se z Magento skupnostjo"
"Continue","Nadaljujte"
"Convert to Plain Text","Pretvorite v enostaven tekst"
"Cookie (unsafe)","Piškotek (ni varno)"
"Country","Država"
"Country:","Država:"
"Coupons","Kuponi"
"Create","Ustvarite"
"Create DB Backup","Ustvarite varnostno kopijo podatkovne baze"
"Create New Attribute","Ustvarite nov atribut"
"Create URL Rewrite:","Ustvarite prepis URL-ja:"
"Created At","Ustvarjeno ob"
"Creation date","Datum ustvarjenja"
"Credit Card %s","Kreditna kartica %s"
"Credit Card Number","Številka kreditne kartice"
"Credit Card Number: xxxx-%s","Številka kreditne kartice: xxxx-%s"
"Credit Card Type","Vrsta kreditne kartice"
"Credit Card Type: %s","Vrsta kreditne kartice: %s"
"Credit Memo History","Zgodovina dobropisa"
"Credit Memo Totals","Skupaj dobropis"
"Credit Memos","Dobropisi"
"Credit memo #%s comment added","Komentar dobropisa #%s dodan"
"Credit memo #%s created","Dobropis #%s ustvarjen"
"Credit memo\'s total must be positive.","Skupaj dobropis mora biti pozitiven."
"Currency","Valuta"
"Currency ""%s"" is used as %s in %s.","Valuta ""%s"" je uporabljena kot %s v %s."
"Currency Information","Informacije valute"
"Currency Setup Section","Sekcija nastavitve valute"
"Current Admin Password","Trenutno geslo administracije"
"Current Configuration Scope:","Trenutni obseg nastavitev:"
"Current Month","Trenutni mesec"
"Custom","Po meri"
"Custom Variable ""%s""","Spremenljivka po meri ""%s"""
"Custom Variables","Spremenljivke po meri"
"Customer","Kupec"
"Customer Group:","Skupina kupcev:"
"Customer Groups","Skupine kupcev"
"Customer Name","Ime kupca"
"Customer Reviews","Mnenja kupcev"
"Customer Shopping Carts","Košarice kupcev"
"Customer Since:","Kupec od:"
"Customer Tax Classes","Davčni razredi kupca"
"Customer with the same email already exists.","Kupec z enako e-pošto že obstaja."
"Customers","Kupci"
"Customers by Number of Orders","Kupci po številu naročil"
"Customers by Orders Total","Kupci po skupaj naročilih"
"DHTML Date/Time Selector","Izbirnik DHTML Datum/Čas"
"Dashboard","Nadzorna plošča"
"Data Format","Format podatkov"
"Data transfer:","Prenos podatkov:"
"Database","Podatkovna baza"
"Dataflow - Advanced Profiles","Potek podatkov - napredni profili"
"Dataflow - Profiles","Potek podatkov - profili"
"Date","Datum"
"Date & Time","Datum in čas"
"Date Added","Datum dodajanja"
"Date Updated","Datum posodobitve"
"Date selection:","Datum izbire:"
"Date selector","Izbirnik datuma"
"Day","Dan"
"Decimal separator:","Decimalno ločilo:"
"Default (Admin) Values","Privzete vrednosti (Admin)"
"Default Billing Address","Privzeti naslov za izstavitev računa"
"Default Config","Privzete nastavitve"
"Default Template from Locale","Privzeta predloga iz območnih nastavitev"
"Default Values","Privzete vrednosti"
"Default display currency ""%s"" is not available in allowed currencies.","Privzeta prikazana valuta ""%s"" ni na voljo v dovoljenih valutah."
"Default scope","Privzeti obseg"
"Delete","Izbrišite"
"Delete %s","Izbrišite %s"
"Delete %s '%s'","Izbrišite %s '%s'"
"Delete Block","Izbrišite blok"
"Delete File","Izbrišite datoteko"
"Delete Image","Izbrišite sliko"
"Delete Profile","Izbrišite profil"
"Delete Role","Izbrišite vlogo"
"Delete Store","Izbrišite trgovino"
"Delete Store View","Izbrišite pogled trgovine"
"Delete Template","Izbrišite predlogo"
"Delete User","Izbrišite uporabnika"
"Delete Variable","Izbrišite spremenljivko"
"Delete Website","Izbrišite spletno stran"
"Description","Opis"
"Design","Oblika"
"Design Section","Sekcija oblike"
"Detach from category","Odstranite iz kategorije"
"Details","Podrobnosti"
"Developer Section","Sekcija razvijalca"
"Direction:","Smer:"
"Disable","Onemogočite"
"Disabled","Onemogočeno"
"Display %s first","Najprej prikažite %s"
"Display default currency","Prikažite privzeto valuto"
"Distributed under GNU LGPL. See %s for details.","Distribuirano pod GNU LGPL. Glejte %s za podrobnosti."
"Do you really want to KILL parallel process and start new indexing process?","Ali res želite ubiti vzporedni proces in začeti nov proces indeksiranja?"
"Do you really want to proceed?","Ali res želite nadaljevati?"
"Download","Prenos"
"Download SKUs","Prenos SKUs"
"Downloads","Prenosi"
"Drag to move","Povlecite, da premaknete"
"Drop-down","Spustni"
"Edit","Uredite"
"Edit Block","Uredite blok"
"Edit Block '%s'","Uredite blok '%s'"
"Edit Design Change","Uredite spremembo oblike"
"Edit Email Template","Uredite predlogo e-pošte"
"Edit Order","Uredite naročilo"
"Edit Poll","Uredite anketo"
"Edit Queue","Uredite čakalno vrsto"
"Edit Review","Uredite mnenje"
"Edit Role","Uredite vlogo"
"Edit Store View","Uredite pogled trgovine"
"Edit System Template","Uredite sistemsko predlogo"
"Edit Template","Uredite predlogo"
"Edit URL Rewrite","Uredite prepis URL-ja"
"Edit User","Uredite uporabnika"
"Edit User '%s'","Uredite uporabnika '%s'"
"Edit Variable","Uredite spremenljivko"
"Edit Variable '%s'","Uredite spremenjlivko '%s'"
"Edit Website","Uredite spletno stran"
"Email","E-pošta"
"Email Address:","Naslov e-pošte:"
"Email to a Friend","E-pošta prijatelju"
"Email:","E-pošta:"
"Enable","Omogočite"
"Enabled","Omogočeno"
"Enclose Values In:","Zaprite vrednosti v:"
"Enter a comma separated list of SKUs that will always be displayed at the top of your category","Vnesite seznam SKU-jev ločeno z vejico, kateri bo vedno prikazan na vrhu vaše kategorije"
"Entity Attributes","Atributi entitete"
"Entity Type","Tip entitete"
"Entity type:","Tip entitete:"
"Error","Napaka"
"Excel XML","Excel XML"
"Excl. Tax","Brez davka"
"Excl. Tax:","Brez davka:"
"Exclude media folder from backup","Izključite direktorij media iz varnostne kopije"
"Expiration Date","Datum poteka"
"Expiration Date: %s/%s","Datum poteka: %s/%s"
"Export","Izvoz"
"Export CSV","Izvozite CSV"
"Export Filters","Izvozite filtre"
"Export to:","Izvozite v:"
"Export:","Izvozite:"
"FTP Host","FTP Host"
"FTP Host[:Port]","Gostitelj FTP[:Port]"
"FTP Login","Prijava FTP"
"FTP Password","Geslo FTP"
"FTP credentials","Overilnice FTP"
"Failed","Ni uspešno"
"Failed to add a product to cart by id ""%s"".","Ni uspelo dodati produkta v košarico po id-ju ""%s""."
"Failed to cancel the billing agreement.","Preklic sporazuma izstavitve računa ni uspel."
"Failed to clear the JavaScript/CSS cache.","Čiščenje predpomnilnika JavaScript/CSS ni uspelo."
"Failed to delete the billing agreement.","Brisanje sporazuma izstavitve računa ni uspelo."
"Failed to update the profile.","Posodobitev profila ni uspelo."
"Field","Polje"
"Field Mapping","Preslikava polj"
"File","Datoteka"
"File Information","Informacije datoteke"
"File System","Datotečni sistem"
"File mode","Način datoteke"
"File name:","Ime datoteke:"
"File size should be more than 0 bytes","Velikost datoteke bi morala biti večja od 0 bajtov"
"Finished profile execution.","Izvajanje profila zaključeno."
"First Invoice Created Date","Datum ustvarjenega prvega računa"
"First Name","Prvo ime"
"First Name is required field.","Prvo ime je zahtevano polje."
"First Name:","Prvo ime:"
"Fixed","Fiksno"
"Flush Catalog Images Cache","Izpraznite predpomnilnik slik kataloga"
"Flush JavaScript/CSS Cache","Izpraznite predpomnilnik JavaScript/CSS"
"Flush Swatch Images Cache","Izpraznite predpomnilnik vzorec slik"
"For category","Za kategorijo"
"For latest version visit: %s","Za zadnjo verzijo obiščite: %s"
"For product","Za produkt"
"Forgot Admin Password","Pozabili geslo administratorja"
"Forgot your password?","Pozabili vaše geslo?"
"Forgot your user name or password?","Pozabili vaše uporabniško ime ali geslo?"
"From","Od"
"GLOBAL","GLOBALNO"
"Gb","Gb"
"General Information","Splošne informacije"
"General Section","Splošna sekcija"
"Get Image Base64","Dobite Base64 sliko"
"Get help for this page","Dobite pomoč za to stran"
"Give the verifier code to application administrator","Dajte kodo potrditve administratorju aplikacije"
"Global Attribute","Globalni atribut"
"Global Record Search","Globalno iskanje vnosa"
"Global Search","Globalno iskanje"
"Go Today","Pojdite danes"
"Go to Top","Pojdite na vrh"
"Go to messages inbox","Pojdite v prejem sporočil"
"Go to notifications","Pojdite na obvestila"
"Google Base","Baza Google"
"Google Content","Vsebina Google"
"Google Sitemaps","Kazala strani za Google"
"Grand Total","Celota skupaj"
"Grid (default) / List","Mreža (privzeto) / Seznam"
"Grid Only","Samo mreža"
"Group:","Skupina:"
"Guest","Gost"
"HTTP (unsecure)","HTTP (ni varno)"
"HTTPS (SSL)","HTTPS (SSL)"
"Help Us Keep Magento Healthy - Report All Bugs","Pomagajte nam obdržati Magento zdrav - Poročajte vse hrošče"
"Helper attributes should not be used in custom layout updates.","Pomagalni atributi ne bi smeli biti uporabljeni v posodobitvah postavitev po meri."
"Helper for options rendering doesn't implement required interface.","Pomočniki za opcije upodabljalnika ne implementirajo zahtevanega vmesnika."
"Hero Products","Junaški izdelki"
"Home","Domov"
"ID","ID"
"ID Path","ID poti"
"IP Address","Naslov IP"
"IPN (Instant Payment Notification) Only","Samo IPN (Instant Payment Notification)"
"Id","Id"
"If there is an account associated with %s you will receive an email with a link to reset your password.","Če obstaja račun vezan na %s, boste prejeli e-pošto s povezavo za ponastavitev gesla."
"If this message persists, please contact the store owner.","Če se sporočilo ni odpravljeno, prosimo, kontaktirajte lastnika trgovine."
"If you do not specify an option value for a specific store view then the default (Admin) value will be used.","če ne določite vrednosti opcije za določen pogled trgovine, potem bo uporabljena privzeta vrednost (Admin)."
"Images (.gif, .jpg, .png)","Slike (.gif, .jpg, .png)"
"Images Cache","Predpomnilnik slik"
"Import","Uvoz"
"Import Service","Uvoz storitve"
"Import and Export","Uvoz in izvoz"
"Import and Export Tax Rates","Uvoz in izvoz davčnih stopenj"
"Import/Export","Uvoz/izvoz"
"Import/Export Advanced","Napredni uvoz/izvoz"
"Import/Export Profile","Profil uvoz/izvoz"
"Important: ","Pomembno: "
"Imported <strong>%s</strong> records","Uvoženo število vnosov: <strong>%s</strong>"
"In","V"
"In Database:","V podatkovni bazi:"
"In File:","V datoteki:"
"Inactive","Neaktivno"
"Incl. Tax","Vključno z davkom"
"Incl. Tax:","Vključno z davkom:"
"Incoming Message","Prihajajoče sporočilo"
"Insert Variable...","Vnesite spremenljivko..."
"Interactive","Interaktivno"
"Interface Locale: %s","Območne nastavitve vmesnika: %s"
"Invalid Form Key. Please refresh the page.","Neveljaven ključ obrazca. Prosimo, osvežite stran."
"Invalid Import Service Specified","Določena je bila neveljavna storitev uvoza"
"Invalid POST data (please check post_max_size and upload_max_filesize settings in your php.ini file).","Neveljavni podatki POST (prosimo, preverite nastavitvi post_max_size in upload_max_filesize v vaši datoteki php.ini)."
"Invalid Secret Key. Please refresh the page.","Neveljaven skrivni ključ. Prosimo, osvežite stran."
"Invalid User Name or Password.","Neveljavno uporabniško ime ali geslo."
"Invalid data","Neveljavni podatki"
"Invalid directory: %s","Neveljaven direktorij: %s"
"Invalid email address ""%s"".","Neveljaven naslov e-pošte ""%s""."
"Invalid email address.","Neveljaven naslov e-pošte."
"Invalid file: %s","Neveljavna datoteka: %s"
"Invalid input data for %s => %s rate","Neveljavni vnosni podatki za stopnjo %s => %s"
"Invalid parent block for this block","Neveljaven nadrejeni blok za ta blok"
"Invalid parent block for this block.","Neveljaven nadrejeni blok za ta blok."
"Invalid password reset token.","Neveljaven žeton ponastavitve gesla."
"Invalid response","Neveljaven odziv"
"Invalid sender name ""%s"". Please use only visible characters and spaces.","Neveljavno ime pošiljatelja ""%s"". Prosimo, uporabite samo vidne znake in presledke."
"Invalid timezone","Neveljaven časovni pas"
"Invalidated","Razveljavljeno"
"Inventory Stock Status","Status zaloge inventarja"
"Invoice #%s comment added","Komentar računa #%s dodan"
"Invoice #%s created","Račun #%s ustvarjen"
"Invoice History","Zgodovina računov"
"Invoice Totals","Vsote računov"
"Invoice canceling error.","Napaka preklica računa."
"Invoice capturing error.","Napaka zajema računa."
"Invoice voiding error.","Napaka razveljavitve računa."
"Invoices","Računi"
"Is Allowed","Omogočeno"
"Is Allowed is required field.","Omogočeno je zahtevano polje."
"Is Closed","Zaprto"
"Is Default","Privzeto"
"Issue Number","Številka izdaje"
"Items","Elementi"
"JavaScript seems to be disabled in your browser.","Izgleda, da je JavaScript onemogočen v vašem brskalniku."
"JavaScript/CSS","JavaScript/CSS"
"JavaScript/CSS Cache","Predpomnilnik JavaScript/CSS"
"Kb","Kb"
"Last 24 Hours","Zadnjih 24 ur"
"Last 5 Orders","Zadnjih 5 naročil"
"Last 5 Search Terms","Zadnjih 5 iskanih izrazov"
"Last 7 Days","Zadnjih 7 dni"
"Last Credit Memo Created Date","Datum ustvarjenja zadnjega dobropisa"
"Last Invoice Created Date","Datum ustvarjenja zadnjega računa"
"Last Logged In (%s):","Zadnja prijava (%s):"
"Last Logged In:","Zadnja prijava:"
"Last Name","Priimek"
"Last Name is required field.","Priimek je zahtevano polje."
"Last Name:","Priimek:"
"Last updated: %s. To refresh last day\'s <a href=""%s"">statistics</a>, click <a href=""%s"">here</a>.","Zadnja posodobitev: %s. Za osvežitev <a href=""%s"">statistike</a> zadnjega dneva, kliknite <a href=""%s"">tu</a>."
"Latest Message:","Zadnje sporočilo:"
"Layered Navigation Indices","Indeksi nivojske navigacije"
"Layered Navigation Indices were refreshed.","Indeksi nivojske navigacije so bili osveženi."
"Leave empty to use tax identifier","Pustite prazno, da uporabite davčni identifikator"
"Lifetime Sales","Življenska doba prodaje"
"Lifetime statistics have been updated.","Statistika življenske dobe je bila posodobljena."
"Links","Povezave"
"Links with associated products will retain only after saving current product.","Povezave s povezanimi produkti se bodo ohranile šele po shranitvi trenutnega produkta."
"List (default) / Grid","Seznam (privzeto) / Mreža"
"List Only","Samo seznam"
"Load Template","Naložite predlogo"
"Load default template","Naložite privzeto predlogo"
"Loading...","Nalaganje..."
"Local Server","Lokalni strežnik"
"Local/Remote Server","Lokalni/oddaljeni strežnik"
"Locale","Območne nastavitve"
"Log In","Prijava"
"Log Out","Odjava"
"Log in to Admin Panel","Prijava v administracijsko ploščo"
"Log in to use <strong>%s</strong>","Prijavite se za uporabo <strong>%s</strong>"
"Log into Magento Admin Page","Prijava v Magento administracijsko stran"
"Logged in as %s","Prijavljeni kot %s"
"Login","Prijava"
"Low Stock","Majhna zaloga"
"MAJOR","GLAVNO"
"MINOR","MANJŠE"
"MS Excel XML","MS Excel XML"
"Magento Admin","Magento Admin"
"Magento Commerce - Administrative Panel","Magento Commerce - Administracijska plošča"
"Magento Connect","Magento Connect"
"Magento Connect Manager","Upravitelj Magento Connect"
"Magento Logo","Logotip Magento"
"Magento is a trademark of Magento Inc. Copyright &copy; %s Magento Inc.","Magento je blagovna znamka Magento Inc. Vse pravice pridržane &copy; %s Magento Inc."
"Magento root directory","Korenski direktorij Magento"
"Magento ver. %s","Magento ver. %s"
"Magento&trade; is a trademark of Magento Inc.<br/>Copyright &copy; %s Magento Inc.","Magento&trade; je blagovna znamka Magento Inc.<br/>Vse pravice pridržane &copy; %s Magento Inc."
"Make sure that data encoding in the file is consistent and saved in one of supported encodings (UTF-8 or ANSI).","Preverite, da je kodiranje podatkov v datoteki konsistentno in shranjeno v enem izmed podprtih kodiranj (UTF-8 ali ANSI)."
"Manage Attribute Sets","Upravljanje naborov atributov"
"Manage Attributes","Upravljanje atributov"
"Manage Categories","Upravljanje kategorij"
"Manage Content","Upravljanje vsebine"
"Manage Currency Rates","Upravljanje valutnih tečajev"
"Manage Customers","Upravljanje kupcev"
"Manage Options (values of your attribute)","Upravljanje možnosti (vrednosti vašega atributa)"
"Manage Ratings","Upravljanje ocen"
"Manage Stores","Upravljanje trgovin"
"Manage Tax Rules","Upravljanje davčnih pravil"
"Manage Tax Zones and Rates","Upravljanje davčnih con in stopenj"
"Manage Titles (Size, Color, etc.)","Upravljanje naslovov (velikost, barva itd.)"
"Manual","Ročno"
"Mass Product Assignment","Dodelitev masovnega produkta"
"Matched Expression","Ujemani izraz"
"Maximum sender name length is 255. Please correct your settings.","Največja dolžina imena pošiljatelja je 255. Prosimo, popravite vaše nastavitve."
"Mb","Mb"
"Media (.avi, .flv, .swf)","Media (.avi, .flv, .swf)"
"Media storages synchronization has completed!","Sinhronizacija shrambe medijev je zaključena!"
"Messages Inbox","Prejeta sporočila"
"Month","Mesec"
"Most Viewed","Najbolj ogledano"
"Most Viewed Products","Najbolj ogledani produkti"
"Move to bottom","Premaknite na dno"
"Move to top","Premaknite na vrh"
"Multiple Select","Večkratna izbira"
"My Account","Moj račun"
"My Applications","Moje aplikacije"
"N/A","ni na voljo"
"NOTICE","OBVESTILO"
"Name","Ime"
"Name on Card","Ime na kartici"
"Name on the Card: %s","Ime na kartici: %s"
"Name:","Ime:"
"Never (production)","Nikoli (produkcija)"
"New ","Novo "
"New API Key","Nov ključ API"
"New Accounts","Novi računi"
"New Attribute","Nov atribut"
"New Block","Nov blok"
"New Category","Nova kategorija"
"New Class","Nov razred"
"New Condition","Nov pogoj"
"New Custom Variable","Nova spremenljivka po meri"
"New Customer","Nov kupec"
"New Customers","Novi kupci"
"New Design Change","Nova sprememba oblike"
"New Email Template","Nova predloga e-pošte"
"New Group","Nova skupina"
"New Invoice","Nov račun"
"New Item Type","Nov tip elementa"
"New Memo","Nov dobropis"
"New Memo for #%s","Nov dobropis za #%s"
"New Page","Nova stran"
"New Password","Novo geslo"
"New Poll","Nova anketa"
"New Profile","Nov profil"
"New Rate","Nova stopnja"
"New Rating","Nova ocena"
"New Review","Nov pregled"
"New Role","Nova vloga"
"New Rule","Novo pravilo"
"New Search","Novo iskanje"
"New Set","Nov nabor"
"New Shipment","Nova dostava"
"New Sitemap","Novo kazalo strani"
"New Store View","Nov pogled trgovine"
"New System Template","Nova sistemska predloga"
"New Tag","Nova značka"
"New Template","Nova predloga"
"New User","Nov uporabnik"
"New Variable","Nova spremenljivka"
"New Website","Nova spletna stran"
"New attribute set mapping","Nova preslikava nabora atributov"
"New block","Nov blok"
"New password field cannot be empty.","Novo polje gesla ne more biti prazno."
"Newsletter","E-novice"
"Newsletter Problems","Težave e-novic"
"Newsletter Queue","Čakalna vrsta e-novic"
"Newsletter Subscribers","Naročniki e-novic"
"Newsletter Templates","Predloge e-novic"
"Next month (hold for menu)","Naslednji mesec (za meni držite)"
"Next year (hold for menu)","Naslednje leto (za meni držite)"
"No","Ne"
"No (price without tax)","Ne (cena brez davka)"
"No Data","Ni podatkov"
"No Data Found","Podatki niso bili najdeni"
"No Products","Ni produktov"
"No Templates Found","Predloge niso bile najdene"
"No change","Ni spremembe"
"No customer id defined.","Definiran ni bil noben id kupca."
"No information available.","No information available."
"No profile loaded...","Noben profil ni bil naložen..."
"No records found for this period.","Vnosi za to obdobje niso bili najdeni."
"No records found.","Vnosi niso bili najdeni."
"No report code specified.","Koda poročila ni bila določena."
"No search keywords.","Ni ključnih besed."
"No search modules were registered","Noben modul iskanja ni bili registriran"
"No wishlist item id defined.","Noben id elemnta seznama želja ni bil definiran."
"None","Noben"
"Not allowed","Ni dovoljeno"
"Note:","Opomba:"
"Notes","Opombe"
"Notifications","Obvestila"
"Number of Orders","Število naročil"
"Number of Uses","Število uporab"
"Number of Views","Število pogledov"
"Number of records:","Število vnosov:"
"OAuth Consumers","Uporabniki OAuth"
"OAuth authorization for admin","Avtorizacija OAuth za admina"
"OAuth authorization simple for admin","Enostavna avtorizacija OAuth za admina"
"OK","OK"
"Old rate:","Prejšnja stopnja:"
"Once you log into your PayPal Advanced account, navigate to the Service Settings - Hosted Checkout Pages - Set Up menu and set the options described below","Ko se prijavite v vaš napredni račun PayPal, pojdite na Service Settings - Hosted Checkout Pages - Set Up menu in nastavite možnosti opisane spodaj"
"Once you log into your PayPal Payflow Link account, navigate to the Service Settings - Hosted Checkout Pages - Set Up meni and set the options described below","Ko se prijavite v vaš PayPal Payflow Link račun, pojdite na Service Settings - Hosted Checkout Pages - Set Up meni in nastavite možnosti opisane spodaj"
"One or more media files failed to be synchronized during the media storages syncronization process. Refer to the log file for details.","Ene ali več medijskih datotek ni uspelo sinhronizirati med procesom sinhronizacije medijske shrambe. Za podrobnosti glejte dnevniško datoteko."
"One or more of the Cache Types are invalidated:","En ali več tipov predpomnilnika je razveljavljenih:"
"Online Customers","Kupci na strani"
"Only Once (version upgrade)","Samo enkrat (nadgradnja verzije)"
"Only attributes with scope ""Global"", input type ""Dropdown"" and Use To Create Configurable Product ""Yes"" are available.","Samo atributi z obsegom ""Global"", tip vnosa ""Dropdown"" in izberite Use To Create Configurable Product ""Yes"" so na voljo."
"Only mapped fields","Samo preslikana polja"
"Optional","Opcijsko"
"Options","Možnosti"
"Options is required","Možnosti so zahtevane"
"Options: ","Možnosti: "
"Order","Naročilo"
"Order #%s","Naročilo #%s"
"Order #%s (%s)","Naročilo #%s (%s)"
"Order Created Date","Datum ustvaritve naročila"
"Order ID","ID naročila"
"Order Totals","Vsota naročila"
"Order Updated Date","Datum posodobitve naročila"
"Order Updated Date report is real-time, does not need statistics refreshing.","Poročilo o datumu posodobitve naročila je v realnem času, ne potrebuje osveževanja statistike."
"Orders","Naročila"
"Original Magento attribute names in first row:","Prvotna imena atributov Magento v prvi vrstici:"
"Out of stock","Ni na zalogi"
"PDT (Payment Data Transfer) Only","Samo PDT (Payment Data Transfer)"
"Package Extensions","Razširitve paketov"
"Pages","Strani"
"Parent Product Thumbnail","Sličica nadrejenega produkta"
"Parent Transaction ID","ID nadrejene transakcije"
"Passive mode","Pasivni način"
"Password","Geslo"
"Password Confirmation","Potrditev gesla"
"Password confirmation must be same as password.","Potrditev gesla se mora ujemati z geslom."
"Password must be at least of %d characters.","Geslo mora imeti vsaj %d znakov."
"Password must include both numeric and alphabetic characters.","Geslo mora vključevati tako številske kot abecedne znake."
"Password:","Geslo:"
"Path:","Pot:"
"Payment method instance is not available.","Instanca načina plačila ni na voljo."
"Payment method is not available.","Način plačila ni na voljo."
"Payment method must be specified.","Način plačila mora biti določen."
"Pending Reviews","Ocene na čakanju"
"Pending Tags","Značke na čakanju"
"Per Item","Na element"
"Per Order","Na naročilo"
"Percent","Procent"
"Performed At","Izvedeno ob"
"Period","Obdobje"
"Permanent (301)","Trajno (301)"
"Permissions","Pravice"
"Personal Information","Osebne informacije"
"Phone:","Telefon:"
"Please Select","Prosimo, izberite"
"Please confirm site switching. All data that hasn\'t been saved will be lost.","Prosimo, potrdite preklop strani. Vsi podatki, ki niso bili shranjeni, bodo izgubljeni."
"Please enter 6 or more characters.","Prosimo, vnesite 6 ali več znakov."
"Please enter a number greater than 0 in this field.","Prosimo, v to polje vnesite število večje od 0."
"Please enter a valid $ amount. For example $100.00.","Prosimo, vnesite veljaven znesek $. Na primer $100.00."
"Please enter a valid URL. For example http://www.example.com or www.example.com","Prosimo, vnesite veljaven URL. Na primer http://www.example.com ali www.example.com"
"Please enter a valid URL. http:// is required","Prosimo, vnesite veljaven URL. http:// je zahtevan"
"Please enter a valid credit card number.","Prosimo vnesite veljavno številko kreditne kartice."
"Please enter a valid date.","Prosimo, vnesite veljaven datum."
"Please enter a valid email address. For example johndoe@domain.com.","Prosimo, vnesite veljaven naslov e-pošte. Na primer johndoe@domain.com."
"Please enter a valid email.","Prosimo, vnesite veljavno e-pošto."
"Please enter a valid number in this field.","Prosimo, v to polje vnesite veljavno številko."
"Please enter a valid phone number. For example (123) 456-7890 or 123-456-7890.","Prosimo, vnesite veljavno telefonsko številko. Na primer (123) 456-7890 ali 123-456-7890."
"Please enter a valid social security number. For example 123-45-6789.","Prosimo, vnesite veljavno številko socialnega zavarovanja. Na primer 123-45-6789."
"Please enter a valid value from list","Prosimo, vnesite veljavno vrednost iz seznama"
"Please enter a valid value, ex: 10,20,30","Prosimo, vnesite veljavno vrednost, npr: 10,20,30"
"Please enter a valid zip code.","Prosimo, vnesite veljavno poštno številko."
"Please enter a valid zip code. For example 90602 or 90602-1234.","Prosimo, vnesite veljavno poštno številko. Na primer 1000 ali 90602-1234."
"Please enter another credit card number to complete your purchase.","Prosimo vnesite številko druge kreditne kartice, da zaključite vaš nakup."
"Please enter password","Prosimo, vnesite geslo"
"Please enter password to confirm rollback.","Prosimo, vnesite geslo za potrditev povrnitve prejšnjega stanja."
"Please enter valid password.","Prosimo, vnesite veljavno geslo."
"Please make sure that all global admin search modules are installed and activated.","Prosimo, preverite, da so vsi globalni moduli admin iskanja nameščeni in aktivirani."
"Please make sure that your changes were saved before running the profile.","Prosimo, preverite, da so bile vaše spremembe shranjene pred pogonom profila."
"Please make sure your passwords match.","Prosimo, preverite, da se vaši gesli ujemata."
"Please note, this category is set to automatically sort. Any drag-and-drop positions will be reset.","Prosimo upoštevajte, da je ta kategorija nastavljena na samodejno razvrščanje. Kakršnekoli pozicije drag-and-drop bodo ponastavljene."
"Please select State/Province.","Prosimo, izberite Zvezno državo/provinco."
"Please select a customer.","Prosimo, izberite kupca."
"Please select a store.","Prosimo, izberite trgovino."
"Please select an option.","Prosimo, izberite možnost."
"Please select catalog searches.","Prosimo, izberite iskanja katalogov."
"Please select customer(s).","Prosimo, izberite enega ali več kupcev."
"Please select message(s).","Prosimo, izberite eno ali več sporočil."
"Please select one of the above options.","Prosimo, izberite eno ali več možnosti."
"Please select one of the options.","Prosimo izberite eno izmed možnosti."
"Please select review(s).","Prosimo, izberite eno ali več ocen."
"Please select tag(s).","Prosimo, izberite eno ali več značk."
"Please specify backup creation options","Prosimo, določite možnosti ustvarjanja varnostne kopije"
"Please specify the admin custom URL.","Prosimo, določite URL administracije po meri."
"Please try to logout and sign in again.","Prosimo, poskusite z odjavo in ponovno prijavo."
"Please type the letters from the image:","Prosimo, vpišite črke iz slike:"
"Please use in this field only ""a-z,0-9,_"".","Prosimo, v tem polju uporabite samo ""a-z,0-9,_""."
"Please use letters only (a-z) in this field.","Prosimo, v tem polju uporabite samo črke (a-z)."
"Please use numbers only in this field. Please avoid spaces or other characters such as dots or commas.","Prosimo, v tem polju uporabite samo številke. Prosimo, izogibajte se presledkom ali drugim znakom kot so pike ali vejice."
"Please use only letters (a-z or A-Z), numbers (0-9) or spaces in this field.","Prosimo, v tem polju uporabite samo črke (a-z ali A-Z), številke (0-9) ali presledke."
"Please use only letters (a-z) or numbers (0-9) only in this field. No spaces or other characters are allowed.","Prosimo, v tem polju uprabite samo črke (a-z) ali številke (0-9). Presledki ali drugi znaki niso dovoljeni."
"Please use only letters (a-z) or numbers (0-9) or spaces and # only in this field.","Prosimo, v tem polju uporabite samo črke (a-z) ali številke (0-9) ali presledke in #."
"Please use this date format: dd/mm/yyyy. For example 17/03/2006 for the 17th of March, 2006.","Prosimo, uporabite to obliko datuma: dd/mm/yyyy. Na primer 17/03/2006 za  17. marec 2006."
"Please wait","Prosimo, počakajte"
"Please wait while the indexes are being refreshed.","Prosimo, počakajte, da se indeksi osvežijo."
"Please wait, loading...","Prosimo, počakajte, nalaganje ..."
"Please wait...","Prosimo, počakajte ..."
"Please, add some answers to this poll first.","Prosimo, v anketo dodajte najprej nekaj odgovorov."
"Please, select ""Visible in Stores"" for this poll first.","Prosimo, za to anketo najprej izberite ""Visible in Stores""."
"Poll Manager","Upravljanje anket"
"Polls","Ankete"
"Popular","Pribljubljeno"
"Position","Pozicija"
"Position of Watermark for %s","Pozicija vodnega žiga za %s"
"Pregenerated configurable swatches image files.","Datoteke slik vnaprej generiranih nastavljivih vzorcev."
"Pregenerated product images files.","Datoteke slik vnaprej generiranih produktov."
"Prev. month (hold for menu)","Prejšnji mesec (za meni držite)"
"Prev. year (hold for menu)","Prejšnje leto (za meni držite)"
"Preview","Predogled"
"Preview Template","Predogled predloge"
"Price","Cena"
"Price alert subscription was saved.","Naročilo o obvestilu cene je bilo shranjeno."
"Price:","Cena:"
"Processed <strong>%s%% %s/%d</strong> records","Procesirani vnosi: <strong>%s%% %s/%d</strong>"
"Processing","Procesiranje"
"Product","Produkt"
"Product Name","Ime produkta"
"Product Reviews","Ocene produkta"
"Product Tax Classes","Davčni razredi produkta"
"Product Thumbnail Itself","Sličica produkta sama po sebi"
"Product is not loaded.","Produkt ni naložen."
"Product not available in this website","Na tej spletni strani produkt ni na voljo"
"Product:","Produkt:"
"Products","Produkti"
"Products Bestsellers Report","Poročilo najbolje prodajanih produktov"
"Products Most Viewed Report","Poročilo najbolj ogledanih produktov"
"Products Ordered","Naročeni produkti"
"Products in Carts","Produkti v košaricah"
"Profile Action","Akcija profila"
"Profile Actions XML","Akcije profila XML"
"Profile Direction","Smer profila"
"Profile History","Zgodovina profila"
"Profile Information","Informacije profila"
"Profile Name","Ime profila"
"Profile Payments","Plačila profila"
"Profile Schedule","Razpored profila"
"Profile Wizard","Čarovnik profila"
"Profiles","Profili"
"Promo","Promocija"
"Promotions","Promocije"
"Purchased Item","Kupljen element"
"Put store on the maintenance mode while backup creation","Ko ustvarjate varnostno kopijo, dajte trgovino v način vzdrževanja"
"Put store on the maintenance mode while rollback processing","Ko se procesira povrnitev v prejšnje stanje, dajte trgovino v način vzdrževanja"
"Quantity","Količina"
"Queue Refresh","Osvežitev čakalne vrste"
"Queued... Cancel","V čakalni vrsti... Preklic"
"REST Roles","REST vloge"
"Radio Buttons","Radijski gumbi"
"Rates","Ocene"
"Read details","Preberite podrobnosti"
"Rebuild","Ponovna gradnja"
"Rebuild Catalog Index","Ponovna gradnja indeksa kataloga"
"Rebuild Flat Catalog Category","Ponovna gradnja Flat Catalog kategorije"
"Rebuild Flat Catalog Product","Ponovna gradnja Flat Catalog produktov"
"Recent Orders","Nedavna naročila"
"Recent statistics have been updated.","Nedavna statistika je bila posodobljena."
"Recurring Profile View","Ponavljanje pogleda profila"
"Recursive Dir","Direktorij rekurzivno"
"Redirect","Preusmeritev"
"Reference","Referenca"
"Reference ID","ID reference"
"Refresh","Osvežitev"
"Refresh Now*","Osvežitev sedaj*"
"Refresh Roles","Osvežitev vlog"
"Refresh Statistics","Osvežitev statistike"
"Region/State","Regija/Država"
"Regular Price:","Običajna cena:"
"Reject","Zavrnitev"
"Reject token authorization Pop Up for admin","Zavrnitev pojavnega okna žetona avtorizacije za administratorja"
"Reject token authorization for admin","Zavrnitev žetona avtorizacije za administratorja"
"Rejection Of Authorization","Zavrnitev avtorizacije"
"Release","Izdaja"
"Release Stability","Stabilnost izdaje"
"Release Version","Verzija izdaje"
"Reload captcha","Ponovno naloži varnostno sličico"
"Remote FTP","Oddaljeni FTP"
"Remove","Odstranitev"
"Reports","Poročila"
"Request Path","Pot zahtevka"
"Required","Zahtevano"
"Reset","Ponastavitev"
"Reset Filter","Ponastavitev filtra"
"Reset Password","Ponastavitev gesla"
"Reset a Password","Ponastavite geslo"
"Resize","Sprememba velikosti"
"Resource Access","Dostop vira"
"Resources","Viri"
"Results","Rezultati"
"Retrieve Password","Pridobitev gesla"
"Return Html Version","Vrnitev verzije Html"
"Revenue","Prihodki"
"Reviews","Pregledi"
"Reviews and Ratings","Pregledi in ocene"
"Rewrite Rules","Pravila prepisovanja"
"Role ID","ID vloge"
"Role Info","Informacije vloge"
"Role Information","Informacije vloge"
"Role Name","Ime vloge"
"Role Resources","Viri vloge"
"Role Users","Uporabniki vloge"
"Roles","Vloge"
"Roles Resources","Viri vlog"
"Root Category","Korenska kategorija"
"Rotate CCW","Rotiranje v nasprotni smeri urinega kazalca"
"Rotate CW","Rotiranje v smeri urinega kazalca"
"Run","Pogon"
"Run Profile","Pogon profila"
"Run Profile Inside This Window","Pogon profila znotraj tega okna"
"Run Profile in Popup","Pogon profila v pojavnem okencu"
"Running... Kill","Poganjanje... Ustavite"
"SKU","SKU"
"SKU:","SKU:"
"SSL Error: Invalid or self-signed certificate","Napake SSL: Nevejaven ali samo-podpisan certifikat"
"Sales","Prodaja"
"Sales Report","Poročilo prodaje"
"Samples","Vzorci"
"Save","Shranite"
"Save & Generate","Shranite in generirajte"
"Save Account","Shranite račun"
"Save Block","Shranite blok"
"Save Cache Settings","Shranite nastavitve predpomnilnika"
"Save Config","Shranite nastavitve"
"Save Currency Rates","Shranite valutne tečaje"
"Save Profile","Shranite profil"
"Save Role","Shranite vlogo"
"Save Template","Shranite predlogo"
"Save User","Shranite uporabnika"
"Save Variable","Shranite spremenljivko"
"Save and Continue Edit","Shranite in nadaljujte urejanje"
"Search","Iskanje"
"Search Index","Indeks iskanja"
"Search Term","Izraz iskanja"
"Search Terms","Izrazi iskanja"
"Search entire store here...","Tu preiščite celotno trgovino ..."
"Searching...","Iskanje ..."
"Select","Izberite"
"Select All","Izberite vse"
"Select Category","Izberite kategorijo"
"Select Date","Izberite datum"
"Select Range","Izberite obseg"
"Select date","Izberite datum"
"Selected allowed currency ""%s"" is not available in installed currencies.","Izbrana dovoljena valuta ""%s"" ni na voljo med nameščenimi valutami."
"Selected base currency is not available in installed currencies.","Izbrana osnovna valuta ni na voljo med nameščenimi valutami."
"Selected default display currency is not available in allowed currencies.","Izbrana privzeta prikazna valuta ni na voljo med dovoljenimi valutami."
"Selected default display currency is not available in installed currencies.","Izbrana privzeta prikazna valuta ni na voljo med nameščenimi valutami."
"Self-assigned roles cannot be deleted.","Samooklicanih vlog ni mogoče izbrisati."
"Sender","Pošiljatelj"
"Separate Email","Ločena e-pošta"
"Shipment #%s comment added","Dodan je komentar dostave #%s"
"Shipment #%s created","Dostava #%s ustvarjena"
"Shipment Comments","Komentarji dostave"
"Shipment History","Zgodovina dostave"
"Shipments","Dostave"
"Shipping","Dostavljanje"
"Shipping Address","Naslov za dostavo"
"Shipping Address: ","Naslov za dostavo: "
"Shipping Origin","Izvor dostave"
"Shipping Price","Cena dostave"
"Shipping address selection is not applicable","Izbira naslova za dostavo ni v uporabi"
"Shipping method must be specified.","Način dostave mora biti določen."
"Shipping method selection is not applicable","Izbira načina dostave ni v uporabi"
"Shopping Cart","Košarica"
"Shopping Cart Price Rules","Pravila cen košarice"
"Shopping Cart from %s","Košarica od %s"
"Show By","Prikaz po"
"Show Report For:","Prikaz poročila za:"
"Show Reviews","Prikaz pregledov"
"Sitemap Information","Informacije kazala strani"
"Size for %s","Velikost za %s"
"Skip Category Selection","Preskočite izbiro kategorije"
"Some items in this order have different invoice and shipment types. You can create shipment only after the invoice is created.","Nekateri elementi v tem naročilu imajo drugačne tipe računov in dostave. Dostavo lahko ustvarite šele, ko je ustvarjen račun."
"Some of the ordered items do not exist in the catalog anymore and will be removed if you try to edit the order.","Nekateri izmed naročenih elementov niso več na voljo v katalogu in bodo odstranjeni pri urejanju naročila."
"Sorry, this feature is coming soon...","Se opravičujemo, ta lastnost pride kmalu ..."
"Sort options","Možnosti vrstnega reda"
"Special Price:","Posebna cena:"
"Specific Countries","Posebne države"
"Specified","Določeno"
"Specified profile does not exist.","Določen profil ne obstaja."
"Spreadsheet Name:","Ime preglednice:"
"Start Date","Začetni datum"
"Starting at:","Čas začetka:"
"Starting profile execution, please wait...","Začetek izvedbe profila, prosimo, počakajte ..."
"State/Province:","Zvezna država/provinca:"
"Static Blocks","Statični bloki"
"Status","Status"
"Status:","Status:"
"Stock Quantity:","Količina zaloge:"
"Stock notification was saved.","Obvestilo zaloge je bilo shranjeno."
"Store","Trgovina"
"Store Email Addresses Section","Sekcija e-poštnih naslovov trgovine"
"Store View","Pogled trgovine"
"Store:","Trgovina:"
"Storefronts : ","Prodajalne : "
"Stores","Trgovine"
"Subject","Zadeva"
"Submit","Pošlji"
"Subpackage cannot be conflicting.","Podpaket ne sme biti v konfliktu."
"Subtotal","Delna vsota"
"Switch/Solo card issue number: %s","Številka izdaje kartice Switch/Solo: %s"
"Switch/Solo card start Date: %s/%s","Datum začetka kartice Switch/Solo: %s/%s"
"Switch/Solo/Maestro Only","Samo za Switch/Solo/Maestro"
"Switch/Solo/Maestro(UK Domestic) Only","Samo za Switch/Solo/Maestro(znotraj UK)"
"Switch/Solo/Maestro(UK Domestic) card issue number: %s","Številka izdaje kartice Switch/Solo/Maestro(znotraj UK): %s"
"Switch/Solo/Maestro(UK Domestic) card start Date: %s/%s","Datum začetka kartice Switch/Solo/Maestro(znotraj UK): %s/%s"
"Symbol","Simbol"
"Synchronization is required.","Potrebna je sinhronizacija."
"Synchronization of media storages has been successfully completed.","Sinhronizacija medijske shrambe je bila uspešno zaključena."
"Synchronize","Sinhronizacija"
"Synchronizing %s to %s","Sinhronizacija %s do %s"
"Synchronizing...","Sinhronizacija ..."
"System","Sistem"
"System Section","Sistemska sekcija"
"System busy","Sistem je zaseden"
"Tags","Značke"
"Target Path","Ciljna pot"
"Tax","Davek"
"Tb","Tb"
"Template","Predloga"
"Template Content","Vsebina predloge"
"Template Information","Informacije predloge"
"Template Name","Ime predloge"
"Template Styles","Stili predloge"
"Template Subject","Zadeva predloge"
"Template Type","Tip predloge"
"Temporary (302)","Začasno (302)"
"Terms and Conditions","Pravila in pogoji"
"Text","Tekst"
"The Catalog Rewrites were refreshed.","Prepisi kataloga so bili osveženi."
"The CatalogInventory Stock Status has been rebuilt.","Status zalog inventarja kataloga je bil ponovno zgrajen."
"The Comment Text field cannot be empty.","Polje tekst komentarja ne sme biti prazno."
"The Flat Catalog Product was rebuilt","Flat Catalog Product je bil ponovno zgrajen"
"The JavaScript/CSS cache has been cleaned.","Predpomnilnik JavaScript/CSS je bil spraznjen."
"The JavaScript/CSS cache has been cleared.","Predpomnilnik JavaScript/CSS je bil spraznjen."
"The Layered Navigation indexing has been queued.","Indeksiranje nivojske navigacije je na čakanju."
"The Layered Navigation indexing queue has been canceled.","Čakalna vrsta indeksiranja nivojske navigacije je bila preklicana."
"The Layered Navigation indices were refreshed.","Indeksi nivojske navigacije so bili osveženi."
"The Layered Navigation process has been queued to be killed.","Proces nivojske navigacije je dan v čakalno vrsto za ustavtev."
"The Magento cache storage has been flushed.","Shramba predpomnilnika Magento je bil spraznjen."
"The URL Rewrite has been deleted.","Prepis URL-ja je bil odstranjen."
"The URL Rewrite has been saved.","Prepis URL-ja je bil shranjen."
"The account has been saved.","Račun je bil shranjen."
"The archive can be uncompressed with <a href=""%s"">%s</a> on Windows systems","Na Windows sistemih se arhiv lahko stisne s pomočjo <a href=""%s"">%s</a>"
"The attribute set has been removed.","Nabor atributov je bil odstranjen."
"The backup's creation process will take time.","Proces izdelave varnostne kopije bo vzel nekaj časa."
"The billing agreement has been canceled.","Sporazum obračuna je bil preklican."
"The billing agreement has been deleted.","Sporazum obračuna je bil odstranjen."
"The block has been saved.","Blok je bil shranjen."
"The cache storage has been flushed.","Shramba predpomnilnika je bila spraznjena."
"The carrier needs to be specified.","Prevoznik mora biti določen."
"The catalog index has been rebuilt.","Indeks kataloga je bil ponovno zgrajen."
"The catalog rewrites have been refreshed.","Prepisi kataloga so bili osveženi."
"The configurable swatches image cache was cleaned.","Predpomnilnik slik nastavljivih vzorcev je bil počiščen."
"The configuration has been saved.","Nastavitve so bile shranjene."
"The credit memo has been canceled.","Dobropis je bil preklican."
"The credit memo has been created.","Dobropis je bil ustvarjen."
"The credit memo has been voided.","Dobropis je bil razveljavljen."
"The custom variable has been deleted.","Spremenljivka po meri je bila izbrisana."
"The custom variable has been saved.","Spremenljivka po meri je bila shranjena."
"The customer has been deleted.","Kupec je bil izbrisan."
"The customer has been saved.","Kupec je bil shranjen."
"The design change has been deleted.","Sprememba oblike je bila izbrisana."
"The design change has been saved.","Sprememba oblike je bila shranjena."
"The email address is empty.","Naslov e-pošte je prazen."
"The email template has been deleted.","Predloga e-pošte je bila izbrisana."
"The email template has been saved.","Predloga e-pošte je bila shranjena."
"The flat catalog category has been rebuilt.","Kategorija flat kataloga je bila ponovno zgrajena."
"The group node name must be specified with field node name.","Ime vozlišča skupine mora biti določeno z imenom vozlišča polja."
"The image cache was cleaned.","Predpomnilnik slik je bil počiščen."
"The image cache was cleared.","Predpomnilnik slik je bil spraznjen."
"The invoice and shipment have been created.","Račun in dostava sta bila ustvarjena."
"The invoice and the shipment  have been created. The shipping label cannot be created at the moment.","Račun in dostava sta bila ustvarjena. Oznake dostave v tem trenutku ni mogoče ustvariti."
"The invoice has been canceled.","Račun je bil preklican."
"The invoice has been captured.","Račun je bil zajet."
"The invoice has been created.","Račun je bil ustvarjen."
"The invoice has been voided.","Račun je bil razveljavljen."
"The invoice no longer exists.","Račun ne obstaja več."
"The item %s (SKU %s) does not exist in the catalog anymore.","Element %s (SKU %s) ne obstaja več v katalogu."
"The order does not allow creating an invoice.","Naročilo ne dovoli ustvariti računa."
"The order no longer exists.","Naročilo ne obstaja več."
"The poll has been deleted.","Anketa je bila izbrisana."
"The poll has been saved.","Anketa je bila shranjena."
"The profile has been deleted.","Profil je bil izbrisan."
"The profile has been saved.","Profil je bil shranjen."
"The profile has been updated.","Profil je bil posodobljen."
"The profile has no changes.","Profil nima sprememb."
"The profile you are trying to save no longer exists","Profil, ki ga poskušate shraniti, več ne obstaja"
"The rating has been deleted.","Ocena je bila izbrisana."
"The rating has been saved.","Ocena je bila shranjena."
"The role has been deleted.","Vloga je bila izbrisana."
"The role has been saved.","Vloga je bila shranjena."
"The role has been successfully saved.","Vloga je bila uspešno shranjena."
"The roles have been refreshed.","Vloge so bile osvežene."
"The search index has been rebuilt.","Indeks iskanja je bil ponovno zgrajen."
"The shipment has been created.","Dostava je bila ustvarjena."
"The shipment has been sent.","Dostava je bila poslana."
"The shipping label has been created.","Oznaka dostave je bila ustvarjena."
"The tag has been deleted.","Značka je bila izbrisana."
"The tag has been saved.","Značka je bila shranjena."
"The transaction details have been updated.","Podrobnosti transakcije so bile posodobljene."
"The user has been deleted.","Uporabnik je bil izbrisan."
"The user has been saved.","Uporabnik je bil shranjen."
"The variable has been saved.","Spremenljivka je bila shranjena."
"Themes JavaScript and CSS files combined to one file.","JavaScript in CSS datoteke teme so združene v eno datoteko."
"There is an error in one of the option rows.","V eni izmed vrstic možnosti je napaka."
"This Account is","Ta račun je"
"This Email template no longer exists.","Ta predloga e-pošte več ne obstaja."
"This Role no longer exists","Ta vloga več ne obstaja"
"This Role no longer exists.","Ta vloga več ne obstaja."
"This account is","Ta račun je"
"This account is inactive.","Ta račun je neaktiven."
"This action cannot be undone.","Tega dejanja se ne more razveljaviti."
"This attribute set does not have attributes which we can use for configurable product","Ta nabor atributov nima atributov, ki jih lahko uporabimo za nastavljivi produkt"
"This attribute shares the same value in all the stores","Ta atribut si deli enako vrednost v vseh trgovinah"
"This block no longer exists.","Ta blok več ne obstaja."
"This category is set to only include products matched by rules","Ta kategorija je nastavljena, da vključuje samo produkte, ki se ujemajo s pravili"
"This is a demo store. Any orders placed through this store will not be honored or fulfilled.","To je demonstracija trgovine. Kakršnakoli naročila poslana preko te trgovine ne bodo izvedena ali izpolnjena."
"This is a required field.","To polje je zahtevano."
"This product is currently disabled.","Ta produkt je trenutno onemogočen."
"This report depends on timezone configuration. Once timezone is changed, the lifetime statistics need to be refreshed.","To poročilo je odvino od nastavitve časovnega pasu. Ko je enkrat časovni pas spremenjen, se mora statistika življenske dobe osvežiti."
"This section is not allowed.","Ta sekcija ni dovoljena."
"This user no longer exists.","Ta uporabnik več ne obstaja."
"This variable no longer exists.","Ta spremenljivka več ne obstaja."
"Time","Čas"
"Time selection:","Izbira časa:"
"Time:","Čas:"
"Timeout limit for response from synchronize process was reached.","Omejitev prekinitve odziva iz procesa sinhronizacije je bila dosežena."
"To","Za"
"To cancel pending authorizations and release amounts that have already been processed during this payment, click Cancel.","Za preklic avtorizacij na čakanju in sprostitev zneskov, ki so že bili sprocesirani med tem plačilom, kliknite Preklic."
"To use PayPal Payflow Link, you must configure your PayPal Payflow Link account on the PayPal website.","Za uporabo PayPal Payflow Link morate nastaviti vaš račun PayPal Payflow Link na spletni strani PayPal."
"To use PayPal Payments Advanced, you must configure  your PayPal Payments Advanced account on the PayPal website.","Za uporabo PayPal Payments Advanced morate nastaviti vaš račun PayPal Payments Advanced na spletni strani PayPal."
"Toggle Editor","Preklop urejevalnika"
"Tools","Orodja"
"Top 5 Search Terms","Najpogostejših 5 iskanih izrazov"
"Total","Vsota"
"Total Invoiced","Skupaj izdanih računov"
"Total Order Amount","Znesek vsote naročila"
"Total Refunded","Skupaj povrnjeno"
"Total of %d record(s) have been deleted.","Skupno izbrisanih vnosov: %d"
"Total of %d record(s) have been updated.","Skupno posodobljenih vnosov: %d"
"Total of %d record(s) were canceled.","Skupno preklicanih vnosov: %d"
"Total of %d record(s) were deleted","Skupno izbrisanih vnosov: %d"
"Total of %d record(s) were deleted.","Skupno izbrisanih vnosov: %d"
"Total of %d record(s) were updated","Skupno posodobljenih vnosov: %d"
"Total of %d record(s) were updated.","Skupno posodobljenih vnosov: %d"
"Track Order","Sledenje naročila"
"Track this shipment","Sledite tej dostavi"
"Tracking number %s for %s assigned","Številka sledenja %s za %s določena"
"Tracking number cannot be empty.","Številka sledenja ne more biti prazna."
"Transaction Data","Podatki transakcije"
"Transaction Details","Podrobnosti transakcije"
"Transaction ID","ID transakcije"
"Transaction Type","Tip transakcije"
"Transactional Emails","E-pošte transakcije"
"Transactions","Transakcije"
"Type","Tip"
"Type:","Tip:"
"URL Rewrite","Prepis URL-ja"
"URL Rewrite Information","Informacije prepisa URL-ja"
"URL Rewrite Management","Upravljanje prepisa URL-ja"
"Unable to cancel the credit memo.","Preklic dobropisa ni uspel."
"Unable to find a Email Template to delete.","Predloge e-pošte za izbris ni bilo mogoče najti."
"Unable to find a block to delete.","Bloka za izbris ni bilo mogoče najti."
"Unable to find a poll to delete.","Ankete za izbris ni bilo mogoče najti."
"Unable to find a tag to delete.","Značke za izbris ni bilo mogoče najti."
"Unable to find a user to delete.","Uporabnika za izbris ni bilo mogoče najti."
"Unable to find a variable to delete.","Spremenljivke za izbris ni bilo mogoče najti."
"Unable to initialize import model","Inicializacija modela uvoza ni uspela"
"Unable to refresh lifetime statistics.","Osvežitev statistike življenske dobe ni uspela."
"Unable to refresh recent statistics.","Osvežitev nedavne statistike ni uspela."
"Unable to save Cron expression","Izraza periodičnega opravila ni bilo mogoče shraniti"
"Unable to save the cron expression.","Izraza periodičnega opravila ni bilo mogoče shraniti."
"Unable to save the invoice.","Računa ni bilo mogoče shraniti."
"Unable to send the invoice email.","E-pošte za račun ni bilo mogoče poslati."
"Unable to send the shipment email.","E-pošte za dostavo ni bilo mogoče poslati."
"Unable to update transaction details.","Podrobnosti transakcije ni bilo mogoče shraniti."
"Unable to void the credit memo.","Dobropisa ni bilo mogoče razveljaviti."
"Unknown","Neznano"
"Unlimited","Neomejeno"
"Update","Posodobitev"
"Updated At","Čas posodobitve"
"Upload File","Nalaganje datoteke"
"Upload Files","Nalaganje datotek"
"Upload HTTP Error","HTTP napaka nalaganja"
"Upload I/O Error","I/O napaka nalaganja"
"Upload Security Error","Napaka varnosti nalaganja"
"Upload import file","Nalaganje datoteke uvoza"
"Uploaded file is larger than %.2f kilobytes allowed by server","Naložena datoteka je večja od dovoljene velikosti %.2f kilobajtov na strežniku"
"Use All Available Attributes","Uporabite vse atribute, ki so na voljo"
"Use Config Settings","Uporabite nastavitve konfiguracije"
"Use Default","Uporabite privzeto"
"Use Default Value","Uporabite privzeto vrednost"
"Use Default Variable Values","Uporabite vrednosti privzetih spremenljivk"
"Use FTP Connection","Uporabite povezavo FTP"
"Use Website","Uporabite spletno stran"
"Used Currently For","Trenutno uporabljeno za"
"Used as Default For","Uporabljeno kot privzeto za"
"User Email","E-pošta uporabnika"
"User ID","ID uporabnika"
"User Info","Informacije uporabnika"
"User Information","Informacije uporabnika"
"User Name","Ime uporabnika"
"User Name is required field.","Ime uporabnika je zahtevano polje."
"User Name:","Ime uporabnika:"
"User Password","Geslo uporabnika"
"User Role","Vloga uporabnika"
"User Roles","Vloge uporabnika"
"User Roles Information","Informacije vlog uporabnika"
"User Type Resources","Viri tipaa uporabnika"
"User name","Ime uporabnika"
"Users","Uporabniki"
"Utilities","Pripomočki"
"VAT Number is Invalid","Številka za DDV ni veljavna"
"VAT Number is Valid","Številka za DDV je veljavna"
"Validation Results","Rezultati validacije"
"Value","Vrednost"
"Value Delimiter:","Ločilo vrednosti:"
"Variable","Spremenljivka"
"Variable Code","Koda spremenljivke"
"Variable Details","Podrobnosti spremenljivke"
"Variable HTML Value","HTML vrednost spremenljivke"
"Variable ID","ID spremenljivke"
"Variable Name","Ime spremenljivke"
"Variable Name is incorrect.","Ime spremenljivke je napačno."
"Variable Name is required field.","Ime spremenljivke je zahtevano polje."
"Variable Plain Value","Navadna vrednost spremenljivke"
"Variable has been deleted.","Spremenljivka je bila izbrisana."
"Variables","Spremenljivke"
"Verifier code: %s","Koda preveritelja: %s"
"View Actions XML","Akcije pogleda XML"
"View Full Size","Ogled celotne velikosti"
"View Memo","Ogled dobropisa"
"View Memo for #%s","Ogled dobropisa #%s"
"View Shipment","Ogled dostave"
"View Statistics For:","Ogled statistike za:"
"Visibility:","Vidnost:"
"Warning","Opozorilo"
"Warning! Empty value can cause problems with CSV format.","Opozorilo! Prazna vrednost lahko povzroča težave pri formatu CSV."
"Warning!\r\nThis action will remove this user from already assigned role\r\nAre you sure?","Opozorilo!\r\nTo dejanje bo odstranilo tega uporabnika iz že dodeljene vloge\r\nSte prepričani?"
"Warning!\r\nThis action will remove those users from already assigned roles\r\nAre you sure?","Opozorilo!\r\nTo dejanje bo odstranilo tiste uporabnike iz že dodeljenih vlog\r\nSte prepričani?"
"Warning: Please do not close the window during importing/exporting data","Opozorilo: Prosimo, ne zapirajte okna med uvažanjem/izvažanjem podatkov"
"Watermark File for %s","Datoteka vodnega žiga za %s"
"We appreciate our merchants\' feedback, please <a href=""#"" onclick=""surveyAction(\'yes\'); return false;"">take our survey</a> to provide insight on the features you would like included in Magento. <a href=""#"" onclick=""surveyAction(\'no\'); return false;"">Remove this notification</a>","Cenimo odziv naših trgovcev, prosimo <a href=""#"" onclick=""surveyAction(\'yes\'); return false;"">opravite našo raziskavo</a>, da ponudite vpogled lastnosti, ki bi jih želeli imeti v Magento. <a href=""#"" onclick=""surveyAction(\'no\'); return false;"">Odstranite to obvestilo</a>"
"We\'re in our typing table, coding away more features for Magento. Thank you for your patience.","Smo za našo mizo tipkanja, kjer kodiramo več lastnosti za Magento. Hvala vam za vašo potrpežljivost."
"Web Section","Spletna sekcija"
"Web Services","Spletne storitve"
"Web services","Spletne storitve"
"Website","Spletna stran"
"What is this?","Kaj je to?"
"Wishlist Report","Poročilo seznama želja"
"Wishlist item is not loaded.","Element seznama želja ni naložen."
"Wrong account specified.","Določen je napačen račun."
"Wrong billing agreement ID specified.","Določen je napačen ID sporazuma obračuna."
"Wrong column format.","Napačen format stolpca."
"Wrong newsletter template.","Napačna predloga e-novice."
"Wrong quote item.","Napačen element predpračuna."
"Wrong tab configuration.","Napačna nastavitev zavihka."
"Wrong tag was specified.","Določena je bila napačna značka."
"Wrong transaction ID specified.","Določena je bil napačen ID transakcije."
"XML","XML"
"XML data is invalid.","Podatki XML niso veljavni."
"XML object is not instance of ""Varien_Simplexml_Element"".","Objekt XML ni instanca ""Varien_Simplexml_Element""."
"YTD","YTD"
"Year","Leto"
"Yes","Da"
"Yes (301 Moved Permanently)","Da (301 trajno premaknjeno)"
"Yes (302 Found)","Da (302 Najdeno)"
"Yes (only price with tax)","Da (samo cena z davkom)"
"You cannot delete your own account.","Vašega lastnega računa ne morete izbrisati."
"You have %s unread message(s).","Imate neprebrana sporočila (%s)."
"You have %s unread message(s). <a href=""%s"">Go to messages inbox</a>.","Imate neprebrana sporočila (%s). <a href=""%s"">Pojdite na prejeta sporočila</a>."
"You have %s, %s and %s unread messages. <a href=""%s"">Go to messages inbox</a>.","Imate %s, %s in %s neprebranih sporočil. <a href=""%s"">Pojdite na prejeta sporočila</a>."
"You have logged out.","Odjavili ste se."
"You have not enough permissions to use this functionality.","Za uporabo te funkcionalnosti nimate ustreznih pravic."
"You must have JavaScript enabled in your browser to utilize the functionality of this website.","Za uporabo funkcionalnosti te spletne strani morate imeti v vašem brskalniku omogočen JavaScript."
"You need to specify order items.","Določiti morate elemente naročila."
"You will need to wait when the action ends.","Počakati morate na končanje akcije."
"Your answers contain duplicates.","Vaši odgovori vsebujejo duplikate."
"Your password has been updated.","Vaše geslo je bilo posodobljeno."
"Your password reset link has expired.","Povezava za ponastavitev vašega gesla je potekla."
"Your server PHP settings allow you to upload files not more than %s at a time. Please modify post_max_size (currently is %s) and upload_max_filesize (currently is %s) values in php.ini if you want to upload larger files.","PHP nastavitve vašega strežnika vam omogočajo nalaganje datotek ne več kot %s naenkrat. Prosimo, spremenite vrednosti post_max_size (trenutno je %s) in upload_max_filesize (trenutno je %s) v php.ini, če želite nalagati večje datoteke."
"Your web server is configured incorrectly. As a result, configuration files with sensitive information are accessible from the outside. Please contact your hosting provider.","Vaš spletni strežnik ni pravilno nastavljen. Posledica je, da so nastavitvene datoteke z občutljivimi informacijami dostopne od zunaj. Prosimo, kontaktirajte vašega ponudnika gostovanja."
"Zip/Postal Code","Poštna številka"
"Zip/Postal Code:","Poštna številka:"
"[ deleted ]","[ izbrisano ]"
"[GLOBAL]","[GLOBAL]"
"[STORE VIEW]","[POGLED TRGOVINE]"
"[WEBSITE]","[STRAN]"
"b","b"
"close","zaprite"
"critical","kritično"
"example: ""sitemap/"" or ""/"" for base path (path must be writeable)","primer: ""sitemap/"" ali ""/"" za osnovno pot (pot mora biti zapisljiva)"
"example: sitemap.xml","primer: sitemap.xml"
"failed","ni uspešno"
"from","od"
"major","glavno"
"minor","manjše"
"notice","obvestilo"
"store(%s) scope","obseg trgovine (%s)"
"successful","uspešno"
"to","za"
"website(%s) scope","obseg spletne strani (%s)"
"{{base_url}} is not recommended to use in a production environment to declare the Base Unsecure URL / Base Secure URL. It is highly recommended to change this value in your Magento <a href=""%s"">configuration</a>.","{{base_url}} ni priporočljivo uporabiti v produkcijskem okolju za določitev osnovnega nezaščitenega URL / Osnovni zaščiteni URL. Zelo priporočljivo je spremeniti to vrednost v vaših Magento <a href=""%s"">nastavitvah</a>."
