"# of Use","Št. uporabe"
"%1$s incl tax.","%1$s vključno z davkom."
"%s - %s","%s - %s"
"%s Item(s)","Elementov: %s"
"%s and above","%s in več"
"%s-%s of %s","%s-%s od %s"
"(%d)","(%d)"
"(Copy data from: %s)","(Kopirajte podatke iz: %s)"
"* Required Fields","* Zahtevana polja"
"-- Please Select --","-- Izberite --"
"86400 by default, if not set. To refresh instantly, Clear the Blocks HTML Output Cache.","Privzeto 86400, če ni nastavljeno. Za takojšnjo osvežitev, počistite HTML bloke izpisa predpomnilnika."
"<strong style=""color:red"">Warning!</strong> Applying MAP by default will hide all product prices on the frontend.","<strong style=""color:red"">Opozorilo!</strong> Privzeta uporaba MAP bo skrila vse cene produktov na ospredju."
"A group with the same name already exists.","Skupina z enakim imenom že obstaja."
"A name is required","Ime je obvezno"
"A product type is not defined for the indexer.","Tip produkta ni definiran za indeksator."
"ALL GROUPS","VSE SKUPINE"
"AM","Dopoldan"
"Action","Akcija"
"Actual Price","Dejanska cena"
"Add","Dodaj"
"Add Attribute","Dodaj atribut"
"Add Design Change","Dodaj spremembo oblike"
"Add Group","Dodaj skupino"
"Add Group Price","Dodaj cenovno skupino"
"Add New","Dodaj novo"
"Add New Attribute","Dodaj nov atribut"
"Add New Attribute Set","Dodaj nov nabor atributov"
"Add New Group","Dodaj novo skupino"
"Add New Images","Dodaj nove slike"
"Add New Option","Dodaj novo možnost"
"Add New Row","Dodaj novo vrstico"
"Add New Search Term","Dodaj nov izraz iskanja"
"Add New Set","Dodaj nov nabor"
"Add Product","Dodaj produkt"
"Add Product To Websites","Dodaj produkt spletnim stranem"
"Add Root Category","Dodaj korensko kategorijo"
"Add Subcategory","Dodaj podkategorijo"
"Add Tax","Dodaj davek"
"Add Tier","Dodaj količinski popust"
"Add attribute into attribute set","Dodaj atribut v nabor atributov"
"Add group into attribute set","Dodaj skupino v nabor atributov"
"Add new custom option into product","Dodaj novo možnost po meri v produkt"
"Add new values into custom option","Dodaj novo vrednost v možnost po meri"
"Add option","Dodaj možnost"
"Add to Cart","Dodaj v košarico"
"Add to Compare","Dodaj v primerjanje"
"Add to Wishlist","Dodaj na seznam želja"
"Additional Information","Dodatne informacije"
"Alert Urls","URL-ji opozoril"
"All","Vse"
"All Product Types","Vsi tipi produktov"
"All Websites","Vse spletne strani"
"All products","Vsi produkti"
"All products - recently added products, New products - products marked as new","Vsi produkti - nedavno dodani produkti, novi produkti - produkti označeni kot novo"
"All products of this set will be deleted! Are you sure you want to delete this attribute set?","Vsi produkti tega nabora bodo izbrisani! Ste prepričani, da želite izbrisati ta nabor atributov?"
"Allow All Products per Page","Dovolite vse produkte na stran"
"Allow Dynamic Media URLs in Products and Categories","V produktih in kategorijah dovolite URL-je dinamičnih medijev"
"Allow HTML Tags on Frontend","Na ospredju dovolite HTML značke"
"Allowed File Extensions","Dovoljene končnice datotek"
"Allowed file extensions to upload","Dovoljene končnice datotek za nalaganje"
"Amount","Znesek"
"An error occurred while adding products to websites.","Med dodajanjem produktov spletni strani je prišlo do napake."
"An error occurred while clearing comparison list.","Med čiščenjem seznama primerjanja je prišlo do napake."
"An error occurred while deleting this review.","Med brisanjem tega pregleda je prišlo do napake."
"An error occurred while removing products from websites.","Med odstranjevanjem produktov iz spletne strani je prišlo do napake."
"An error occurred while saving the URL rewrite","Med shranjevanjem URL prepisa je prišlo do napake"
"An error occurred while saving the attribute set.","Med shranjevanjem nabora atributov je prišlo do napake."
"An error occurred while saving the collection, aborting. Error message: %s","Med shranjevanjem zbirke je prišlo do napake, prekinjam. Sporočilo napake: %s"
"An error occurred while saving the product. ","Med shranjevanjem produkta je prišlo do napake. "
"An error occurred while saving the search query.","Med shrajevanjem poizvedbe iskanja je prišlo do napake."
"An error occurred while saving this group.","Med shranjevanjem te skupine je prišlo do napake."
"An error occurred while saving this review.","Med shranjevanjem tega pregleda je prišlo do napake."
"An error occurred while trying to delete the category.","Med poskusom izbrisa kategorije je prišlo do napake."
"An error occurred while updating the product(s) attributes.","Med posodabljanjem atributov produktov je prošlo do napake."
"An error occurred while updating the product(s) status.","Med posodabljanjem status produktov je prišlo do napake."
"An invalid group ID is specified, skipping the record.","Določen je neveljaven ID skupine, vnos preskočen."
"An invalid option ID is specified for %s (%s), skipping the record.","Za %s (%s) je določen neveljaven ID možnosti, vnos preskočen."
"An invalid store was specified.","Določena je bila neveljavna trgovina."
"Anchor Custom Text","Tekst sidra po meri"
"Anchor Custom Title","Naslov sidra po meri"
"Applicable to catalog products and categories only. Any media content will be inserted into editor as a static URL. It is not updated if the system configuration base URL changes.","Uporabno samo za produkte kataloga in kategorije. Katerakoli medijska vsebina bo vstavljena v urejevalnik kot statični URL. Ne bo posodobljeno, če se osnovni URL sistemskih nastavitev spremeni."
"Apply MAP (Default Value)","Uporabite MAP (privzeta vrednost)"
"Apply To","Uporabite za"
"Approved","Odobreno"
"Are you sure you want to delete this category?","Ali ste prepričani, da želite to kategorijo izbrisati?"
"Are you sure you would like to remove all products from your comparison?","Ali ste prepričani, da želite odstraniti vse produkte iz vaše primerjave?"
"Are you sure you would like to remove this item from the compare products?","Ali ste prepričani, da želite ta element odstraniti iz primerjanja produktov?"
"Are you sure?","Ali ste prepričani?"
"As low as:","Najmanj kot:"
"Assign","Dodelite"
"Assign product link","Dodelite povezavo produkta"
"Assign product to category","Dodelite produkt kategoriji"
"Assigned Products","Dodeljeni produkti"
"Associated Products","Povezani produkti"
"Attrib. Set Name","Ime nabora atributov"
"Attribute ""%s"" is invalid.","Atribut ""%s"" ni veljaven."
"Attribute ""%s"" is required.","Atribut ""%s"" je obvezen."
"Attribute Information","Informacije atributa"
"Attribute Model","Model atributa"
"Attribute Name:","Ime atributa:"
"Attribute Set","Nabor atributov"
"Attribute Sets","Nabori atributov"
"Attribute add","Dodaj atribut"
"Attribute code is invalid. Please use only letters (a-z), numbers (0-9) or underscore(_) in this field, first character should be a letter.","Koda atributa ni veljavna. V tem polju uporabite samo črke (a-z), številke (0-9) ali podčrtaj (_), prvi znak mora biti črka."
"Attribute group with the \"/name/\" name already exists","Skupina atributa z imenom \"/name/\" že obstaja"
"Attribute remove","Odstranite atribut"
"Attribute with the same code already exists","Atribut z enako kodo že obstaja"
"Attributes","Atributi"
"Attrribute names can be specified per store.","Imena atributov so lahko določena glede na trgovino."
"Autogenerate","Avtomatsko generirajte"
"Availability:","Dostopnost:"
"Back","Nazaj"
"Backend Model","Model ozadja"
"Backend Table","Tabela ozadja"
"Backend Table Title","Naslov tabele ozadja"
"Backorders","Prednaročila"
"Base Image Width","Širina osnovne slike"
"Based On","Osnovano na"
"Before Order Confirmation","Pred potrditvijo naročila"
"Best Value","Najboljša vrednost"
"Block after Info Column","Blok za stolpcem informacij"
"Bottom Block Options Wrapper","Ovitek možnosti spodnjega bloka"
"Bottom/Left","Spodaj/levo"
"Bottom/Right","Spodaj/desno"
"Browse By","Brskajte po"
"Bundle Items","Zapakiranje elementov"
"Buy %1$s","Nakup %1$s"
"Buy %1$s for","Nakup %1$s za"
"Buy %1$s for %2$s","Nakup %1$s za %2$s"
"Buy %1$s for %2$s (%3$s incl. tax) each","Nakup %1$s za %2$s (%3$s vključno z davkom) vsak"
"Buy %1$s for %2$s each","Nakup %1$s za %2$s vsak"
"Cache Lifetime (Seconds)","Življenjska doba predpomnilnika (sekunde)"
"Cache refresh needed.","Potrebna je osvežitev predpomnilnika."
"Can be Divided into Multiple Boxes for Shipping","Lahko je razdeljeno v več paketov za dostavo"
"Can be used only with catalog input type Dropdown","Lahko je uporabljeno samo s katalogom vnosnega tipa spustnega seznama"
"Can be used only with catalog input type Dropdown, Multiple Select and Price","Lahko je uporabljeno samo s katalogom vnosnega tipa spustnega seznama, večkratnega izbirnika in cene"
"Can\'t create image.","Slike ni mogoče ustvariti."
"Cancel","Preklic"
"Cannot create image.","Slike ni mogoče ustvariti."
"Cannot create writeable directory '%s'.","Zapisljivega direktorija '%s' ni mogoče ustvariti."
"Cart Item Attribute","Atribut elementa košarice"
"Catalog","Katalog"
"Catalog Category (Anchor)","Kategorija kataloga (sidro)"
"Catalog Category (Non-Anchor)","Kategrija kataloga (ni sidro)"
"Catalog Category (Without Subcategories)","Kategorija kataloga (brez podkategorij)"
"Catalog Category Link","Povezava kategorije kataloga"
"Catalog New Products List","Seznam novih kataloških produktov"
"Catalog Price Scope","Obseg cene kataloga"
"Catalog Product Compare List","Primerjalni seznam kataloških izdelkov"
"Catalog Product Email to a Friend","Pošlji prijatelju e-pošto kataloškega izdelka"
"Catalog Product Image Gallery Popup","Pojavno okence galerije slik kataloških izdelkov"
"Catalog Product Link","Povezava kataloškega izdelka"
"Catalog Product View (Any)","Pogled kataloškega izdelka (katerikoli)"
"Catalog Product View (Configurable)","Pogled kataloškega izdelka (nastavljivo)"
"Catalog Product View (Grouped)","Pogled kataloškega izdelka (združeno)"
"Catalog Product View (Simple)","Pogled kataloškega izdelka (enostavno)"
"Catalog Product View (Virtual)","Pogled kataloškega izdelka (virtualno)"
"Catalog Section","Sekcija kataloga"
"Catalog Seo Sitemap (Category List)","SEO kazalo strani kataloga (seznam kategorij)"
"Catalog Seo Sitemap (Category Tree)","SEO kazalo strani kataloga (drevo kategorij)"
"Catalog Seo Sitemap (Common)","SEO kazalo strani kataloga (pogosto)"
"Catalog Seo Sitemap (Product List)","SEO kazalo strani kataloga (seznam produktov)"
"Catalog URL Rewrites","Prepisi URL-jev kataloga"
"Catalog product custom option values API","API vrednosti možnosti po meri kataloškega izdelka"
"Catalog product custom options API","API možnosti po meri kataloškega izdelka"
"Catalog, Search","Katalog, iskanje"
"Categories","Kategorije"
"Categories Sitemap","Kazalo strani kategorij"
"Category","Kategorija"
"Category API","API kategorije"
"Category Data","Podatki kategorije"
"Category Flat Data","Nepovezani podatki kategorije"
"Category Link Block Template","Predloga bloka povezave kategorije"
"Category Link Inline Template","Medvrstična predloga povezave kategorije"
"Category Products","Produkti kategorije"
"Category Top Navigation","Zgornja navigacija kategorije"
"Category URL Suffix","URL pripona kategorije"
"Category attributes API","API atributov kategorije"
"Category move error","Napaka pri premiku kategorije"
"Category move error %s","Napaka premika kategorije %s"
"Category move operation is not possible: parent category is equal to child category.","Operacija premika kategorije ni možna: nadrejena kategorija je enaka podrejeni kategoriji."
"Category move operation is not possible: the current category was not found.","Operacija premika kategorije ni možna: trenutne kategorije ni mogoče najti."
"Category move operation is not possible: the new parent category was not found.","Operacija premika kategorije ni možna: nove nadrejene kategorije ni mogoče najti."
"Category must be an instance of Mage_Catalog_Model_Category.","Kategorija mora biti instanca Mage_Catalog_Model_Category."
"Center","Center"
"Change","Sprememba"
"Change or Retrieve attribute store view","Sprememba ali povrnitev pogleda trgovine atributa"
"Change status","Spremenite status"
"Check items to add to the cart or","Preverite elemente za dodajanje v košarico ali"
"Choose an Option...","Izberite možnost ..."
"Clear All","Počistite vse"
"Clear Price","Počistite ceno"
"Click for price","Kliknite za ceno"
"Close Window","Zaprite okno"
"Collapse All","Strnite vse"
"Comma-separated.","Ločeno z vejico."
"Comparable","Primerljivo"
"Comparable on Front-end","Primerljivo na ospredju"
"Comparable on the Frontend","Primerljivo na ospredju"
"Compare","Primerjajte"
"Compare Products","Primerjajte produkte"
"Conditions Combination","Kombinacija pogojev"
"Configurable Product","Nastavljivi produkt"
"Configurable Product Settings","Nastavitve nastavljivega produkta"
"Configure Product","Nastavite produkt"
"Continue","Nadaljevanje"
"Copy From Configurable","Kopirajte iz nastavljivega"
"Country/State","Država/zvezna država"
"Create","Ustvarite"
"Create (Upload)","Ustvarite (Naložite)"
"Create Empty","Ustvarite prazno"
"Create Permanent Redirect for URLs if URL Key Changed","Ustvarite trajno preusmeritev za URL-je, če je URL ključ spremenjen"
"Create Permanent Redirect for old URL","Ustvarite trajno preumeritev starega URL"
"Create Product Settings","Ustvarite nastavitve produkta"
"Create Simple Associated Product","Ustvarite enostavni povezani produkt"
"Create attribute set based on another set","Ustvarite nabor atributov na osnovi drugega nabora"
"Create new attribute","Ustvarite nov atribut"
"Create new category","Ustvarite novo kategorijo"
"Create new product","Ustvarite nov produkt"
"Cross-sells","Navzkrižna prodaja"
"Currently Shopping by:","Trenutno nakupuje:"
"Custom Design","Oblika po meri"
"Custom Options","Možnosti po meri"
"Custom options","Možnosti po meri"
"Customer Group","Skupina kupcev"
"Customers Reviews","Mnenja kupcev"
"Customers Tagged Product","Označeni produkt kupcev"
"Data Type for Saving in Database","Podatkovni tip za shranjevanje v podatkovno bazo"
"Date & Time Custom Options","Možnosti datuma in časa po meri"
"Date Fields Order","Vrstni red polj datumov"
"Date Subscribed","Datum naročnine"
"Datetime","Datum in čas"
"Decimal","Decimalno"
"Declare attribute value saving scope","Določite obseg varčevanja vrednosti atributa"
"Default ""What's This"" Text Message","Privzeto tekstovno sporočilo ""Kaj je to"""
"Default Popup Text Message","Privzeto tekstovno sporočilo pojavnega okenca"
"Default Price","Privzeta cena"
"Default Price Navigation Step","Privzeti navigacijski korak cene"
"Default Qty","Privzeta količina"
"Default Values","Privzete vrednosti"
"Defines the base currency scope (""Currency Setup"" > ""Currency Options"" > ""Base Currency"").","Definira obseg osnovne valute (""Nastavitve valute"" > ""Možnosti valute"" > ""Osnovna baluta"")."
"Delete","Izbrišite"
"Delete Attribute","Izbrišite atribut"
"Delete Attribute Set","Izbrišite nabor atributov"
"Delete Category","Izbrišite kategorijo"
"Delete Group Price","Izbrišite cenovno skupino"
"Delete Option","Izbrišite možnost"
"Delete Row","Izbrišite vrstico"
"Delete Search","Izbrišite iskanje"
"Delete Selected Group","Izbrišite izbrano skupino"
"Delete Tier","Izbrišite količinski popust"
"Delete attribute","Izbrišite atribut"
"Delete category","Izbrišite kategorijo"
"Delete product","Izbrišite produkt"
"Depends on design theme","Zavisi od predloge oblike"
"Description","Opis"
"Design","Oblika"
"Details","Podrobnosti"
"Disabled","Onemogočeno"
"Disallowed file type.","Nedovoljen tip datoteke."
"Display Actual Price","Prikažite dejansko ceno"
"Display Page Control","Prikažite nadzor strani"
"Display Price Interval as One Price","Prikažite cenovni rang kot eno ceno"
"Display Product Count","Prikažite število produktov"
"Display Type","Prikažite tip"
"Display in Suggested Terms","Prikažite v predlaganih izrazih"
"Double click on a group to rename it","Za preimenovanje dvakrat kliknite na skupino"
"Double click on above image to view full picture","Dvakrat kliknite na zgornjo sliko za ogled celotne slike"
"Downloadable Information","Prenosljive informacije"
"Duplicate","Dvojnik"
"Duplicate amount found.","Najden je bil podvojeni znesek."
"Duplicate website group price customer group.","Dvojna skupina kupcev cenovne skupine spletne strani."
"Duplicate website tier price customer group and quantity.","Podvojen količinski popust spletne strani skupine kupcev in količina."
"Duplicate website, country and state tax found.","Najdeni dvojniki spletne strani, države in državnega davka."
"E.g. {{media url=""path/to/image.jpg""}} {{skin url=""path/to/picture.gif""}}. Dynamic directives parsing impacts catalog performance.","Npr. {{media url=""path/to/image.jpg""}} {{skin url=""path/to/picture.gif""}}. Prevajanje dinamičnih direktiv vpliva na zmogljivost kataloga."
"Edit","Urejanje"
"Edit Attribute Set '%s'","Uredite nabor atributov '%s'"
"Edit Product Attribute","Uredite atribut produkta"
"Edit Product Attribute ""%s""","Uredite atribut produkta ""%s"""
"Edit Search","Uredite iskanje"
"Edit Search '%s'","Uredite iskanje '%s'"
"Edit Set Name","Uredite ime nabora"
"Email","E-pošta"
"Email to a Friend","Pošljite e-pošto prijatelju"
"Empty","Prazno"
"Enable MAP","Omogoči MAP (najnižja oglaševana cena)"
"Enable Qty Increments","Omogoči inkremente količine"
"Enable WYSIWYG","Omogoči WYSIWYG"
"Enable for reindexing a big number of SKUs.","Omogoči za ponovno indeksiranje velikega števila SKU-jev."
"Enabled","Omogočeno"
"Error during retrieval of option value: %s","Napaka med pridobivanjem vrednosti možnosti: %s"
"Exclude","Izključite"
"Expand All","Razširite vse"
"Failed","Ni uspešno"
"Failed to copy file %s. Please, delete media with non-existing images and try again.","Kopiranje datoteke %s ni uspelo. Izbrišite medije z neobstoječimi slikami om poskusite ponovno."
"Failed to move file: %s","Neuspešen premik datoteke: %s"
"Feature Products","Izbrani izdelki"
"Field is not complete","Polje ni zaključeno"
"File options format is not valid.","Format možnosti datoteke ni veljaven."
"File upload failed","Nalaganje datoteke ni bilo uspešno"
"Filter","Filter"
"Filter model name must be declared.","Ime modela filtra mora biti določeno."
"Filter must be an object. Please set correct filter.","Filter mora biti objekt. Prosimo, nastavite ustrezni filter."
"Filterable (no results)","Filtrirno (ni rezultatov)"
"Filterable (with results)","Filtrirno (z rezultati)"
"First Name","Ime"
"Fixed","Fiksno"
"For internal use.","Za interno uporabo."
"For the last time placed.","Postavljeno v zadnjem času."
"Frontend","Ospredje"
"Frontend Model","Model ospredja"
"Frontend Properties","Lastnosti ospredja"
"Gallery","Galerija"
"General Information","Splošne informacije"
"Get full information about attribute with list of options","Dobite polne informacije o atributu s seznamom možnosti"
"Get full information about custom option in product","Dobite polne informacije o možnosti po meri v produktu"
"Get list of available custom option types","Dobite seznam tipov možnosti po meri, ki so na voljo"
"Get list of non-default attributes by product type and attributes set","Dobite seznam ne-privzetih atributov po tipu produkta in naboru atributov"
"Get list of possible attribute types","Dobite seznam možnih tipov atributa"
"Get special price","Dobite posebno ceno"
"Global","Globalno"
"Globally Editable","Možno globalno urejanje"
"Go to Home Page","Pojdite na domačo stran"
"Grid","Mreža"
"Group add","Dodajanje skupine"
"Group remove","Odstranjevanje skupine"
"Grouped Product","Produkti v skupini"
"Groups","Skupine"
"Home","Domov"
"ID","ID"
"ID: %s","ID: %s"
"If empty, the Category Name will be used","Če je prazno, bo uporabljeno ime kategorije"
"If empty, the Product Name will be used","Če je prazno, bo uporabljeno ime produkta"
"If you do not specify an option value for a specific store view then the default (Admin) value will be used.","Če ne določite vrednosti možnosti za določen pogled trgovine, potem bo uporabljena privzeta vrednost (Admin)."
"Image","Slika"
"Image content is not valid base64 data.","Vsebina slike niso veljavni base64 podatki."
"Image does not exist.","Slika ne obstaja."
"Image file was not found.","Datoteka slike ni bila najdena."
"Image type and information need to be specified for each store view.","Tip slike in informacije morajo biti določene za vsak pogled trgovine."
"In Cart","V košarici"
"In Stock","Na zalogi"
"In stock","Na zalogi"
"Incl. Tax","Vključno z davkom"
"Index product and categories URL rewrites","Indeksiranje URL prepisov produktov in kategorij"
"Index product attributes for layered navigation building","Indeksiranje atributov produkta za gradnjo nivojske navigacije"
"Index product prices","Indeksiranje cen produktov"
"Indexed category/products association","Indeksirana povezava kategorije/produktov"
"Info","Informacije"
"Info Column Options Wrapper","Ovoj možnosti stolpca informacij"
"Input Type","Tip vnosa"
"Integer","Celo število"
"Interval Division Limit","Omejitev delitve intervala"
"Invalid Tier Prices","Neveljavni količinski popusti"
"Invalid attribute %s","Neveljaven atribut %s"
"Invalid attribute option specified for attribute %s (%s), skipping the record.","Določena neveljavna možnost atributa za atribut %s (%s), vnos preskočen."
"Invalid attribute set specified, skipping the record.","Določen neveljaven nabor atributov, vnos preskočen."
"Invalid block: %s.","Neveljaven blok: %s."
"Invalid category IDs.","Neveljavni ID-ji kategorij."
"Invalid category.","Neveljavna kategorija."
"Invalid image file type.","Neveljavna vrsta datoteke slike."
"Invalid image type.","Neveljavna vrsta slike."
"Invalid option ID specified for %s (%s), skipping the record.","Določen neveljaven ID možnosti za %s (%s), vnos preskočen."
"Invalid product type specified, skipping the record.","Določen neveljaven tip produkta, vnos preskočen."
"Invalid store specified","Določena neveljavna trgovina"
"Invalid store specified, skipping the record.","Določena neveljavna trgovina, vnos preskočen."
"Invalid tier prices. The product is not associated to the requested website.","Neveljavni količinski popusti. Produkt ni povezan z željeno spletno stranjo."
"Inventory","Inventar"
"Is Default","Je privzeto"
"Is Required","Je zahtevano"
"Items %s to %s of %s total","Elementi %s do %s od skupaj %s"
"Items that you do not want to show in the catalog or search results should have status 'Disabled' in the desired store.","Elementi, ki jih ne želite prikazati v katalogu ali zadetkih iskanja morajo imeti status 'Onemogočeno' v željeni trgovini."
"Items that you don't want to show in the catalog or search results should have status 'Disabled' in the desired store.","Elementi, ki jih ne želite prikazati v katalogu ali zadetkih iskanja, morajo imeti status 'Onemogočeno' v željeni trgovini."
"Keep your eyes open for our special Back to School items and save A LOT!","Bodite pozorni na naše posebne izdelke nazaj v šolo in veliko prihranite!"
"Label","Oznaka"
"Last Name","Priimek"
"Last Notification","Zadnje obvestilo"
"Layered Navigation","Nivojska navigacija"
"Learn More","Izvedite več"
"Line %d, Email: %s","Vstica %d, e-pošta: %s"
"Line %d, SKU: %s","Vrstica %d, SKU: %s"
"Link (Related, Up sell, Cross sell)","Povezava (povezan, prodaja navzgor, navzkrižna prodaja)"
"Link product does not exist.","Povezava produkta ne obstaja."
"Link to a Specified Category","Povezava do določene kategorije"
"Link to a Specified Product","Povezava do določenega produkta"
"List","Seznam"
"List Mode","Način seznama"
"List of Products that are set as New","Seznam produktov, ki so nastavljeni kot novo"
"List of types","Seznam tipov"
"Manage Attribute Sets","Upravljanje naborov atributov"
"Manage Attributes","Upravljanje atributov"
"Manage Catalog Categories","Upravljanje kategorij kataloga"
"Manage Categories","Upravljanje kategorij"
"Manage Label / Options","Upravljanje oznak/možnosti"
"Manage Options (values of your attribute)","Upravljanje možnosti (vrednosti vašega atributa)"
"Manage Product Attributes","Upravljanje atributov produkta"
"Manage Product Sets","Upravljanje naborov produktov"
"Manage Products","Upravljanje produktov"
"Manage Stock","Upravljanje zaloge"
"Manage Titles (Size, Color, etc.)","Upravljanje naslovov (velikost, barva itd.)"
"Max Characters","Največ znakov"
"Maximal Depth","Največja globina"
"Maximum Image Size","Največja velikost slike"
"Maximum Number of Price Intervals","Največje število intervalov cen"
"Maximum Qty Allowed in Shopping Cart","Največja dovoljena količina v košarici"
"Maximum allowed image size for '%s' is %sx%s px.","Največja dovoljena velikost slike za '%s' je %sx%s px."
"Maximum image height","Največja višina slike"
"Maximum image width","Največja širina slike"
"Maximum number of characters:","Največje število znakov:"
"Maximum number of price intervals is 100","Največje število cenovnih intervalov je 100"
"Maximum width base product image will be scaled down to in pixels","Največja širina slike osnovnega produkta bo pomanjšana v pikslih"
"Maximum width small product image will be scaled down to in pixels","Največja širina slike majhnega produkta bo pomanjšana v pikslih"
"Media Image","Medijska slika"
"Middle Name","Srednje ime"
"Minimum Advertised Price","Najmanjša oglaševana cena"
"Minimum Lines per Page","Najmanjše število vrstic na stran"
"Minimum Qty Allowed in Shopping Cart","Najmanjša dovoljena količina v košarici"
"Minimum Qty for Item\'s Status to be Out of Stock","Najmanjša količina za status elementa je Ni na zalogi"
"Missing SKU, skipping the record.","Manjka SKU, vnos preskočen."
"More Views","Več pogledov"
"Move","Premaknite"
"Move category in tree","Premaknite kategorijo v drevesu"
"Multi update product","Posodobitev večih produktov"
"Must be in the allowed values list.","Mora biti na seznamu dovoljenih vrednosti."
"My Account","Moj račun"
"N/A","ni na voljo"
"Name","Ime"
"Name in %s","Ime v %s"
"New Product","Nov produkt"
"New Product Attribute","Nov atribut izdelka"
"New Products","Novi produkti"
"New Products Grid Template","Predloga mreže novih produktov"
"New Products List Template","Predloga seznama novih produktov"
"New Root Category","Nova korenska kategorija"
"New Search","Novo iskanje"
"New Set Name","Novo ime nabora"
"New Subcategory","Nova podkategorija"
"New products","Novi produkti"
"Next","Naslednja"
"No","Ne"
"No image","Brez slike"
"No layout updates","Ni posodobitev postavitve"
"No options of this product are available.","Za ta produkt ni možnosti na voljo."
"No product collections found.","Nobenih zbirk produktov ni bilo najdenih."
"None","Noben"
"Not Visible Individually","Posamezno ni vidno"
"Notify Low Stock RSS","RSS obvestila nizke zaloge"
"Notify for Quantity Below","Obvesti za spodnjo količino"
"Number of Products per Page","Število produktov na stran"
"Number of Products to Display","Število prikazanih produktov"
"Number of Uses","Število uporab"
"Number of results","Števillo rezultatov"
"Number of results (For the last time placed)","Število rezultatov (za zadnjega danega)"
"OK","V redu"
"OR","ALI"
"Old Price:","Stara cena:"
"On Gesture","Na kretnjo"
"Option validation failed to add product to cart.","Validacija možnosti ni uspela dodati produkta v košarico."
"Option values","Možnosti vrednosti"
"Option:","Možnost:"
"Options","Možnosti"
"Options Control","Nadzor možnosti"
"Options is required","Možnost je zahtevana"
"Our customer service is available 24/7. Call us at (555) 555-0123.","Naša služba za stranke je na voljo 24/7. Pokličite nas na (555) 555-0123."
"Out of Stock","Ni na zalogi"
"Out of stock","Ni na zalogi"
"PM","popoldan"
"Page Title Separator","Ločilo naslova strani"
"Parent Category","Nadrejena kategorija"
"Pending","Na čakanju"
"Pending Reviews RSS","RSS mnenj na čakanju"
"Percentage","Procenti"
"Please add rows to option.","Dodajte vrstice k možnostim."
"Please be careful as once you click on the row it will load package data form the selected file and all unsaved form data will be lost.","Bodite pozorni, saj ko enkrat kliknete na vrstico, se bodo iz izbrane datoteke naložil podatki paketov in vse neshranjene spremembe obrazca bodo izgubljeni."
"Please click on the Close Window button if it is not closed automatically.","Kliknite na gumb za zapiranje okna, če ni samodejno zaprto."
"Please enter a new group name","Vnestite ime nove skupine"
"Please refresh ""Catalog URL Rewrites"" and ""Product Attributes"" in System -&gt; <a href=""%s"">Index Management</a>","Osvežite ""Prepisi URL-jev kataloga"" in ""Atributi produktov"" v Sistem -&gt; <a href=""%s"">Upravljanje indeksov</a>"
"Please refresh ""Product Attributes"" in System -&gt; <a href=""%s"">Index Management</a>","Osvežite ""Atributi produktov"" v Sistem -&gt; <a href=""%s"">Upravljanje indeksov</a>"
"Please select a static block ...","Izberite statični blok ..."
"Please select items.","Izberite elemente."
"Please select one or more attributes.","Izberite enega ali več atributov."
"Please select product(s).","Izberite produkte."
"Please select products for attributes update","Izberite produkte za posodobitev atributov"
"Please set up merge date/time","Nastavite datum in čas združevanja"
"Please set up merge date/time later then present date","Nastavite datum in čas združevanja na kasneje kot trenutni datum"
"Please specify date required option(s).","Določite zahtevane možnosti datuma."
"Please specify the number of products, that will not be divided into subintervals.","Določite število produktov, ki ne bodo razdeljeni v podintervale."
"Please specify the product required option(s)","Določite zahtevane možnosti produkta"
"Please specify the product required option(s).","Določite zahtevane možnosti produkta."
"Please specify the product\'s option(s).","Določite možnosti produkta."
"Please specify the product\'s required option(s).","Določite zahtevane možnosti produkta."
"Please specify the quantity of product(s).","Določite količino produktov."
"Please specify time required option(s).","Določite zahtevane možnosti časa."
"Please wait...","Počakajte..."
"Position","Položaj"
"Position in Layered Navigation","Položaj v nivojski navigaciji"
"Position of attribute in layered navigation block","Položaj atributa v bloku nivojske navigacije"
"Prev","Prejšnja"
"Previous","Prejšnja"
"Price","Cena"
"Price Navigation Step Calculation","Izračun koraka navigacije cene"
"Price Type","Vrsta cene"
"Price is not available","Cena ni na voljo"
"Price values for options should be specified in system base currency.","Vrednosti cen za možnosti bi morale biti določene osnovni valuti sistema."
"Price:","Cena:"
"Price: %s","Cena: %s"
"Print This Page","Natisni to stran"
"Product","Produkt"
"Product API","API produktov"
"Product Alerts","Obvestila produktov"
"Product Attribute","Atribut produkta"
"Product Attributes","Atributi produktov"
"Product Categories","Kategorije produktov"
"Product Description","Opis produkta"
"Product Extra Info","Dodatne informacije produkta"
"Product Flat Data","Nepovezani podatki produkta"
"Product ID","ID produkta"
"Product Image","Slika produkta"
"Product Image Placeholders","Prostornik slike produkta"
"Product Image Watermarks","Vodni tiski slik produktov"
"Product Images","Slike produktov"
"Product Images API","API slik produktov"
"Product In Websites","Produkt na spletnih strani"
"Product Info Column","Stolpec informacij produkta"
"Product Information","Informacije produkta"
"Product Link Block Template","Predloga bloga povezave produkta"
"Product Link Inline Template","Medvrstična predloga povezave predukta"
"Product Listing Sort by","Seznam produktov razvrščen po"
"Product Name","Ime produkta"
"Product Prices","Cene produktov"
"Product Reviews","Mnenja o produktu"
"Product Tags","Oznake produkta"
"Product Tier Price API","API količinskih popoustov produktov"
"Product Type","Vrsta produkta"
"Product URL Suffix","Pripona URL-ja produkta"
"Product View Extra Hint","Dodatni namig pogleda produkta"
"Product attribute sets API","API naborov atributov produktov"
"Product attributes API","API atributov produktov"
"Product collection expected.","Pričakovana zbirka produkta."
"Product is not loaded","Produkt ni naložen"
"Product links API (related, cross sells, up sells)","API povezav produkta (povezano, navzkrižna prodaja, prodaja navzgor)"
"Product types API","API vrst produktov"
"Product with this combination of attributes already associated to configurable.","Produkt s to kombinacijo atributov je že povezan na nastavljivega."
"Products","Produkti"
"Products Comparison List","Seznam primerjave produktov"
"Products Information","Informacije produkta"
"Products Reviews","Mnenja o produktih"
"Products Sitemap","Kazalo strani produktov"
"Products only","Samo produkti"
"Products per Page on Grid Allowed Values","Dovoljene vrednosti št. produktov na strani mreže"
"Products per Page on Grid Default Value","Privzeta vrednost št. produktov na strani mreže"
"Products per Page on List Allowed Values","Dovoljene vrednosti št. produktov na strani seznama"
"Products per Page on List Default Value","Privzeta vrednost št. produktov na strani seznama"
"Properties","Lastnosti"
"Qty","Količina"
"Qty Increments","Korak povečanja količine"
"Qty Uses Decimals","Količina uporablja decimalke"
"Qty for Item\'s Status to Become Out of Stock","Količina za status elementa, ko ga ni več na zalogi"
"Qty:","Količina:"
"Quantity","Količina"
"Quick Create","Hitro ustvarjanje"
"Quick Overview","Hiter pregled"
"Quick simple product creation","Hitro ustvarjanje enostavnega produkta"
"Records for ""%s"" store found.","Najdeni vnosi za trgovino ""%s""."
"Redirect","Preusmeritev"
"Redirect URL","URL preusmeritve"
"Regular Price:","Splošna cena:"
"Related Products","Podobni izdelki"
"Remove","Odstranite"
"Remove Product From Websites","Odstranite produkt iz spletnih strani"
"Remove This Item","Odstranite ta elemnt"
"Remove attribute from attribute set","Odstranite atribut iz nabora atributov"
"Remove attribute set","Odstranite nabor atributov"
"Remove custom option","Odstranite možnost po meri"
"Remove group from attribute set","Odstranite skupino iz nabora atributov"
"Remove option","Odstranite možnost"
"Remove product assignment","Odstranite dodelitev produkta"
"Remove product image","Odstranite sliko produkta"
"Remove product link","Odstranite povezavo produkta"
"Remove value from custom option","Odstranite vrednost iz možnosti po meri"
"Rename existing group","Preimenujte obstoječo skupino"
"Rename group","Odstranite skupino"
"Reorganize EAV category structure to flat structure","Ponovna organizacija strukture kategorij EAV na ravno strukturo"
"Reorganize EAV product structure to flat structure","Ponovna organizacija strukture produktov EAV na ravno strukturo"
"Reset","Ponastavitev"
"Results","Rezultati"
"Results per page","Rezultati na stran"
"Retrieve attribute data","Pridobite podatke atributa"
"Retrieve attribute list","Pridobite seznam atributov"
"Retrieve attribute options","Pridobite možnosti atributov"
"Retrieve categories tree","Prodobite drevo kategorij"
"Retrieve category attributes","Pridobite atribute kategorij"
"Retrieve category data","Pridobite podatke kategorije"
"Retrieve hierarchical tree","Pridobite hierarhično drevo"
"Retrieve linked products","Pridobite povezane produkte"
"Retrieve list of assigned products","Pridobite seznam dodeljenih produktov"
"Retrieve list of option values","Pridobite seznam vrednostmi možnosti"
"Retrieve list of product custom options","Pridobite seznam možnosti po meri produktov"
"Retrieve one level of categories by website/store view/parent category","Pridobite en nivo kategorij po spletni strani/pogledu trgovine/nadrejeni kategoriji"
"Retrieve option value info","Pridobite informacije vrednosti možnosti"
"Retrieve product","Pridobite produkt"
"Retrieve product attribute sets","Pridobi nabor atributov proizvoda"
"Retrieve product image","Pridobivanje slika izdelka"
"Retrieve product image list","Pridobite seznam slik izdelkov"
"Retrieve product image types","Pridobite vrsto slike izdelka"
"Retrieve product link type attributes","Pridobivanje vrste atributov povezave izdelka"
"Retrieve product link types","Pridobite vrste povezave izdelka"
"Retrieve product tier prices","Pridobite količinske popuste produkta"
"Retrieve product types","Pridobivanje vrst izdelkov"
"Retrieve products data","Pridobivanje podatkov izdelkov"
"Retrieve products list by filters","Pridobite seznam izdelkov s filtri"
"Reviews","Mnenja"
"Roll Over for preview","Za predogled se zapeljite čez"
"Root","Koren"
"SKU","SKU"
"SKU length should be %s characters maximum.","Dolžina SKU mora biti največ znakov %s."
"Save","Shrani"
"Save Attribute","Shrani atribut"
"Save Attribute Set","Shrani nabor atributov"
"Save Category","Shrani kategorijo"
"Save Search","Shrani iskanje"
"Save and Continue Edit","Shrani in nadaljuj urejanje"
"Saved %d record(s)","Shranjenih zapisov %d"
"Scope","Področje"
"Scope must not be changed, because the attribute is used in configurable products.","Področja ne smete spreminjati, ker je atribut je uporabljen v nastavljivih produktih."
"Search","Iskanje"
"Search Engine Optimizations","Optimizacije za iskalnike"
"Search Information","Iskanje informacij"
"Search Query","Iskalna poizvedba"
"Search Term with such search query already exists.","Iskani izraz s tako poizvedbo že obstaja."
"Search Weight","Iskanje teže"
"Searchable","Iskanje"
"See price before order confirmation.","Glejte ceno pred potrditvijo naročila."
"Select Category...","Izberite kategorijo..."
"Select Configurable Attributes ","Izberite nastavljive atribute "
"Select Product...","Izberite izdelek..."
"Select type of option","Izberite vrsto možnosti"
"Select type options required values rows.","Izberite vrsto možnosti zahtevane vrednosti vrstic."
"Selected Product Types","Vrste izbranih izdelkov"
"Send Count","Pošljite število"
"Set Ascending Direction","Nastavite smer naraščajoče"
"Set Descending Direction","Nastavite smer padajoče"
"Set Name","Nastavite ime"
"Set Root Category for Store","Nastavite korensko kategorijo za trgovino"
"Set root category for this store in the <a href=""%s"">configuration</a>","Nastavite korensko kategorijo za to trgovino v <a href=""%s""> nastavitvah</a>"
"Set special price","Nastavite akcijsko ceno"
"Set/Get current store view","Nastavite/pridobite trenutni pogled trgovine"
"Settings","Nastavitve"
"Share Facebook","Delite na Facebook-u"
"Share on Facebook","Delite na Facebook-u"
"Share on Twitter","Delite na Twitter-ju"
"Shop By","Nakupovanje po"
"Shopping Options","Možnosti nakupovanja"
"Show","Prikažite"
"Show Details","Prikažite podrobnosti"
"Show Tags","Prikažite oznake"
"Simple Product","Preprost izdelek"
"Site Map","Kazalo strani"
"Sitemap","Kazalo strani"
"Skip import row, is not valid value ""%s"" for field ""%s""","Preskočite uvoz vrstice, ni veljavna vrednost ""%s"" za polje ""%s"""
"Skip import row, required field ""%s"" for the new customer is not defined.","Preskočite uvoz vrstice, zahtevano polje ""%s"" za novega kupca ni opredeljeno."
"Skip import row, the value ""%s"" is invalid for field ""%s""","Preskočite uvoz vrstice, vrednost ""%s"" ni veljavna za polje ""%s"""
"Skipping import row, required field ""%s"" for new products is not defined.","Preskakovanje uvoza vrstice, zahtevano polje ""%s"" za nove izdelke ni definirano."
"Skipping import row, required field ""%s"" is not defined.","Preskakovanje uvoza vrstice, zahtevano polje ""%s"" ni opredeljeno."
"Skipping import row, store ""%s"" field does not exist.","Preskakovanje uvoz vrstice, polje trgovine ""%s"" ne obstaja."
"Skipping import row, the value ""%s"" is not valid for the ""%s"" field.","Preskakovanje uvoza vrstice, vrednost ""%s"" ni veljavna za polje ""%s""."
"Small Image Width","Širina majhne slike"
"Some of the processed products have no SKU value defined. Please fill it prior to performing operations on these products.","Nekateri procesirani produkti nimajo določene SKU vrednosti. Prosimo, dopolnite jo pred opravljanjem dejavnosti na teh produktih."
"Some of the selected item options are not currently available.","Nekateri možnosti izbranih elementov trenutno niso na voljo."
"Sort By","Razvrsti po"
"Sort Order","Vrstni red"
"Source Model","Izvorni model"
"Special Expires On: %s","Posebna poteče na: %s"
"Special Price:","Akcijska cena:"
"Special Price: %s","Akcijska cena: %s"
"Starting at:","Začetek ob:"
"Static","Statično"
"Static block and products","Statičen blok in izdelki"
"Static block only","Samo statičen blok"
"Status","Stanje"
"Stock Availability","Razpoložljivost zalog"
"Store","Trgovina"
"Store View","Pogled trgovine"
"Stretch","Odsek"
"Subscribe to RSS Feed","Naročite se na vir RSS"
"Super product attributes configuration","Konfiguracija atributov super izdelka"
"Synonym For","Sinonim za"
"System Properties","Sistemske lastnosti"
"Tag Name","Ime oznake"
"Tax","Davek"
"Template","Predloga"
"Text","Besedilo"
"The Flat Catalog module has a limit of %2\$d filterable and/or sortable attributes. Currently there are %1\$d of them. Please reduce the number of filterable/sortable attributes in order to use this module","Modul ravnega kataloga ima omejitev %2\$ d filtrirnih atributov in/ali atributov za razvrščanje. Trenutno je od njih %1\$d. Zmanjšajte število filtrirnihi/za razvrščanje atributov, da lahko uporabljate ta modul"
"The From Date value should be less than or equal to the To Date value.","Vrednost datuma od mora biti manjša ali enaka vrednosti datuma do."
"The attribute code \'%s\' is reserved by system. Please try another attribute code","Koda atributa \'%s\' je rezervirana v sistemu. Prosimo, poskusite drugo kodo atributa"
"The attribute model is not defined","Model atributa ni opredeljen"
"The attribute set has been saved.","Nabor attributov je bil shranjen."
"The base directory to upload file is not specified.","Osnovni imenik za nalaganje datoteke ni določen."
"The category has been deleted.","Kategorija je izbrisana."
"The category has been saved.","Kategorija je bila shranjena."
"The comparison list was cleared.","Seznam primerjave je bil počiščen."
"The file '%s' for '%s' has an invalid extension","Datoteka ""%s"" za ""%s"" ima neveljavno končnico"
"The file '%s' you uploaded is larger than %s Megabytes allowed by server","Datoteko '%s', ki ste ste naložili, je večja od dovoljenih %s MB na strežniku"
"The file you uploaded is larger than %s Megabytes allowed by server","Naložena datoteka je večja od %s MB kolikor je dovoljeno na strežniku"
"The filters must be an array.","Filtri morajo biti polje."
"The image contents is not valid base64 data.","Vsebina slike ni veljaven base64 podatek."
"The image is not specified.","Slika ni določena."
"The model collection resource name is not defined.","Ime vira zbirke modelov ni določeno."
"The product %s has been added to comparison list.","%s izdelek je bil dodan na seznam primerjave."
"The product %s has been removed from comparison list.","%s izdelek je bil odstranjen iz seznama primerjave-."
"The product attribute has been deleted.","Atribut izdelka je bil izbrisan."
"The product attribute has been saved.","Atribut izdelka je shranjen."
"The product has been created.","Izdelek je bil ustvarjen."
"The product has been deleted.","Izdelek je bil izbrisan."
"The product has been duplicated.","Izdelek je podvojen."
"The product has been saved.","Izdelek je bil shranjen."
"The product has required options","Izdelek ima zahtevane možnosti"
"The review has been deleted","Mnenje je bilo izbrisano"
"The review has been saved.","Mnenje je bilo shranjeno."
"The review was removed by another user or does not exist.","Mnenje je bilo odstranjeno s strani drugega uporabnika ali pa ne obstaja."
"The search was deleted.","Iskanje je bilo izbrisano."
"The text is too long","Besedilo je predolgo"
"There are no %s available.","Na voljo ni nobenega od %s."
"There are no customers for this alert","Nobena stranka ni na voljo za to opozorilo"
"There are no customers for this alert.","Nobena stranka ni za to opozorilo."
"There are no products matching the selection.","Noben od izdelkov se ne ujema z izbiro."
"There was an error while request processing.","Prišlo je do napake pri obdelavi zahteve."
"This Attribute no longer exists","Ta atribut več ne obstaja"
"This attribute cannot be deleted.","Tega atributa ni mogoče izbrisati."
"This attribute cannot be edited.","Tega atributa ni mogoče urejati."
"This attribute cannot be updated.","Tega atributa ni mogoče posodobiti."
"This attribute is used in configurable products.","Ta atribut je uporabljen v nastavljivih produktih."
"This attribute is used in configurable products. You cannot remove it from the attribute set.","Ta atribut je uporabljen v nastavljivih produktih. Ne morete ga odstraniti iz nabora atributov."
"This attribute no longer exists","Ta atribut več ne obstaja"
"This attribute set no longer exists.","Ta nabor atributov več ne obstaja."
"This group contains attributes, used in configurable products. Please move these attributes to another group and try again.","Ta skupina vsebuje atribute uporabljene pri nastavljivih izdelkih. Prosimo, preselite te atribute v drugo skupino in poskusite znova."
"This group contains system attributes. Please move system attributes to another group and try again.","Ta skupina vsebuje sistemske atribute. Prosimo, preselite sistemske atribute v drugo skupino in poskusite znova."
"This is a required option","To je zahtevana možnost"
"This product no longer exists.","Ta izdelek več ne obstaja."
"This search no longer exists.","To iskanje ne obstaja več."
"This setting will be applied when all prices in the specific price interval are equal.","Ta nastavitev bo uporabljena, ko so vse cene v določenem cenovnem intervalu enake."
"Tier Pricing","Količinski popusti"
"Tile","Ploščica"
"Time Format","Oblika časa"
"Title","Naslov"
"To reindex the enabled product(s), the store or product must be specified","Za ponovno indeksiranje omogočenih produktov mora biti določena trgovina ali produkt"
"To see product price, add this item to your cart. You can always remove it later.","Da vidite ceno izdelka, dodajte ta element v košarico. Vedno ga lahko kasneje odstranite."
"Top/Left","Zgoraj/levo"
"Top/Right","Zgoraj/desno"
"Total Qty Base Items","Skupna količina osnovnih artiklov"
"Total Qty Content Items","Skupna količina vsebinskih elementov"
"Total incl. Tax: %1$s","Skupaj z davkom: %1$s"
"Total of %d record(s) have been deleted.","Skupaj izbrisanih zapisov: %d."
"Total of %d record(s) have been updated.","Skupaj posodobljenih zapisov: %d."
"Total of %d record(s) were updated","Skupaj posodobljenih zapisov: %d"
"Type","Vrsta"
"URL Rewrite Management","Upravljanje URL prepisovanja"
"Unable to complete this request.","Dokončanje te zahteve ni uspešno."
"Unable to find a search term to delete.","Izraza iskanja za brisanje ni mogoče najti."
"Unable to find an attribute to delete.","Atributa za brisanje ni mogoče najti."
"Unable to get the product ID.","Ni mogoče dobiti ID izdelka."
"Unassigned Attributes","Nedodeljeni atributi"
"Unknown EAV indexer type ""%s"".","Neznana vrsta EAV indeksatorja ""%s""."
"Unknown attribute: %s.","Neznan atribut: %s."
"Unsupported product type ""%s"".","Nepodprta vrsta izdelka ""%s""."
"Up-sells","Prodaja navzgor"
"Update","Posodobitev"
"Update Attributes","Posodobitev atributov"
"Update Tier Price","Posodobite količinski popust"
"Update assigned product","Posodobitev dodeljenega izdelka"
"Update attribute","Posodobitev atributa"
"Update attributes","Posodobitev atributov"
"Update category","Posodobitev kategorije"
"Update custom option of product","Posodobitev možnosti po meri izdelka"
"Update product","Posodobitev izdelka"
"Update product image","Posodobitev slike izdelka"
"Update product link","Posodobitev povezave izdelka"
"Update product tier prices","Posodobite količinske popuste produkta"
"Update value of custom option","Posodobite vrednost možnosti po meri"
"Upload new product image ","Naložite novo sliko izdelka "
"Use Canonical Link Meta Tag For Categories","Uporabite meta oznako kanonične povezave za kategorije"
"Use Canonical Link Meta Tag For Products","Uporabo meta oznako kanonične povezave za izdelke"
"Use Categories Path for Product URLs","Uporaba poti kategorije za URL-je izdelkov"
"Use Config Settings","Uporabite konfiguracijske nastavitve"
"Use Default Value","Uporabi privzeto vrednost"
"Use Flat Catalog Category","Uporabite kategorijo ravnega kataloga"
"Use Flat Catalog Product","Uporabite izdelek ravnega kataloga"
"Use In Layered Navigation","Uporaba v večstopenjski navigaciji"
"Use In Search Results Layered Navigation","Uporaba v rezultatih iskanja večstopenjske navigacije"
"Use JavaScript Calendar","Uporaba JavaScript koledarja"
"Use Static URLs for Media Content in WYSIWYG for Catalog","Uporabite statične URL-je za medijske vsebine v WYSIWYG za katalog"
"Use To Create Configurable Product","Uporaba za ustvariti nastavljivi izdelek"
"Use Tree Like Category Sitemap","Uporabite kazalo strani kategorij podobno drevesu"
"Use config","Uporabite nastavitve"
"Use default","Uporabi privzeto"
"Use for Promo Rule Conditions","Uporaba za pravila in pogoje promocije"
"Use four-digit year format.","Uporabi štirimestno obliko letnice."
"Use in Advanced Search","Uporabo v naprednem iskanju"
"Use in Layered Navigation","Uporaba v večstopenjski navigaciji"
"Use in Layered Navigation<br/>(Can be used only with catalog input type 'Dropdown')","Uporaba v večstopenjski navigaciji<br/>(se lahko uporablja samo z vrsto 'Spustni seznam' vnosa kataloga)"
"Use in Quick Search","Uporaba v hitrem iskanju"
"Used for Sorting in Product Listing","Se uporablja za razvrščanje v seznamu produktov"
"Used in Product Listing","Uporabljano v seznamu izdelkov"
"Value for ""%s"" is invalid.","Vrednost za ""%s"" ni veljavna."
"Value for ""%s"" is invalid: %s","Vrednost za ""%s"" ni veljavna: %s"
"Varchar","Varchar"
"View Details","Ogled podrobnosti"
"View as","Prikaži kot"
"Virtual Product","Virtualni izdelek"
"Visibility","Vidnost"
"Visible","Vidno"
"Visible on Catalog Pages on Front-end","Vidno na straneh kataloga na ospredju"
"Visible on Product View Page on Front-end","Vidno na strani pogleda izdelka na ospredju"
"WYSIWYG Editor","WYSIWYG urejevalnik"
"Watermark","Vodni žig"
"Watermark Default Size","Privzeta velikost vodnega žiga"
"Watermark Opacity, Percent","Procent motnosti vodnega žiga"
"Watermark Position","Položaj vodnega žiga"
"We Also Recommend","Priporočamo tudi"
"Website","Spletna stran"
"Website Item Must be checked","Element spletne strani je potrebno označiti"
"Website Store Must be checked","Označena mora biti spletna trgovin"
"Websites","Spletne strani"
"What's this?","Kaj je to?"
"Whether to show ""All"" option in the ""Show X Per Page"" dropdown.","Ali pokazati možnost ""Vse"" v spustnem seznamu »Pokaži X na stran«."
"Will make search for the query above return results for this search.","Iskanje poizvedbe bo nad vrnjenimi rezultati iskanja."
"Wrong BuyRequest instance in options group.","Napačna instanca BuyRequest v skupini možnosti."
"Wrong configuration item instance in options group.","Napačne instanca elementa nastavitev v skupini možnosti."
"Wrong configuration item option instance in options group.","Napačna instanca elementa konfiguracije v skupini možnosti."
"Wrong option instance type in options group.","Napačna vrsta instance možnosti v skupini možnosti."
"Wrong option type to get group instance.","Napačna vrsta možnosti za pridobitev instance skupine."
"Wrong product instance type in options group.","Napačna vrsta instance izdelka v skupini možnosti."
"Wrong product type filter specified","Navedeni filter vrste izdelka je napačen"
"Wrong product type to extract configurable options.","Napačna vrsta izdelka za izločanje možnosti konfiguracije."
"Year Range","Obseg let"
"Yes","Da"
"You cannot remove system attribute from this set.","Sistemskega atributa ni mogoče odstraniti iz tega nabora."
"You have no items to compare.","Za primerjavo nimate nobenih elementov."
"You may also be interested in the following product(s)","Morda vas zanimajo tudi sledeči produkti"
"Zoom In","Povečava"
"Zoom Out","Pomanjšava"
"and","in"
"and above","in več"
"categories","kategorije"
"each","vsak"
"ex. http://domain.com","npr. http://domain.com"
"leave blank if its not an image","pustite prazno, če ni slika"
"per page","na stran"
"products","izdelki"
"px.","px."
"save","shrani"
"select all","izberi vse"
"unselect all","odznači vse"
"x","x"
