" But cart has some errors."," Vendar košarica ima neke napake."
" Note: Image size affects the performance of your app."," Obvestilo: Velikost slike vpliva na uspešnost vaše aplikacije."
"""Description"" is more than %d characters long","""Opis"" je dolg več kot %d znakov"
"""Title"" is more than %d characters long","""Naslov"" je dolg več kot %d znakov"
"""id"" attribute is required for a ""%s"" field.","Atribut ""id"" je zahtevan za polje ""%s""."
"""line_count"" attribute is required for ""multiline"" element.","Atribut ""line_count"" je zahtevan za element ""multiline""."
"""message"" attribute is required for ""%s"" validator rule.","Atribut ""message"" je zahtevan za pravilo ""%s"" potrjevalnika."
"%1$s has been added to your wishlist.","%1$s je bil dodan na vaš seznam želja."
"%1$s incl tax.","%1$s vključno z davkom."
"%@ is not correct","%@ ni pravilno"
"%s API Key required.","%s ključ API je zahtevan."
"%s Application ID required.","%s ID aplikacije je zahtevan."
"%s Secret Key required.","%s skriti ključ je zahtevan."
"%s attribute is required.","Atribut %s je zahtevan."
"%s fields is required","Polja %s so zahtevana"
"%s has been added to your cart.","%s je bil dodan v vašo košarico."
"%s id:","%s id:"
"%s was updated in your shopping cart.","%s je bil posodobljen v vaši košarici."
"(Includes more countries than those listed below. As the application owner, you are responsible for complying with country-specific laws related to the distribution or sale of your application into that country, including your home country.)","(Vključuje več držav kot te izpisane spodaj. Kot lastnik aplikacije, ste odgovorni za izpolnjevanje zakonov specifičnih za državo, ki se tičejo distribucije ali prodaje vaše aplikacije v tej državi, vključno z vašo domačo državo.)"
"* - field is required","* - polje je zahtevano"
"*Subject to change","*Se lahko spremeni"
"1. Please select type of the action:","1. Prosimo, izberite tip akcije:"
"10:40 AM","10:40 AM"
"2. Please select a page","2. Prosimo, izberite stran"
"2. Type Category Name","2. Vpišite ime kategorije"
"2. Type Product Name","2. Vpišite ime produkta"
"80px x 80px","80px x 80px"
"80x80 px","80x80 px"
"<a href=""%s"" target=""_blank"">Login</a> to Urban Airship.","<a href=""%s"" target=""_blank"">Prijava</a> za Urban Airship."
"A Catalog Only App will not support functions such as add to cart, add to wishlist, or login.","Aplikacija samo kataloga ne bo podpirala funkcij, kot je dodajanje v košarico, dodajanje na seznam želja ali prijavo."
"A new password has been sent.","Novo geslo je bilo poslano."
"About","O"
"Access forbidden","Dostop ni dovoljen"
"Account","Račun"
"Account Information","Informacije računa"
"Account Settings","Nastavitve računa"
"Account confirmation is required. Please check your email for the confirmation link.","Informacije računa so zahtevane. Prosimo, preverite vašo e-pošto za povezavo potrditve."
"Account information has been saved.","Informacije računa so bile shranjene."
"Action","Akcija"
"Action type does\'t recognized","Tip akcije ni prepoznan"
"Action type does\'t recognized.","Tip akcije ni prepoznan."
"Action type doesn\'t recognized.","Tip akcije ni prepoznan."
"Activate","Aktivirajte"
"Activate PayPal Checkout","Aktivirajte PayPal Checkout"
"Activate PayPal MECL","Aktivirajte PayPal MECL"
"Activation Key","Ključ aktivacije"
"Add","Dodajte"
"Add Action","Dodajte akcijo"
"Add Address from Contacts","Dodajte naslov iz kontaktov"
"Add App","Dodajte aplikacijo"
"Add Custom","Dodajte po meri"
"Add New Address","Dodajte nov naslov"
"Add New Template","Dodajte novo predlogo"
"Add Page","Dodajte stran"
"Add To Wishlist","Dodajte na seznam želja"
"Add a billing address","Dodajte naslov za izstavo računa"
"Add a shipping address","Dodajte naslov za dostavo"
"Add to Cart","Dodajte v košarico"
"Add to Wishlist","Dodajte na seznam želja"
"Adding Product to Cart...","Dodajanje produkta v košarico ..."
"Adding Product to WishList...","Dodajanje produkta na seznam želja ..."
"Additional Address","Dodatni naslov"
"Additional Info","Dodatne informacije"
"Address","Naslov"
"Address 2","Naslov 2"
"Address Book","Knjiga naslovov"
"Address Book Updated","Knjiga naslovov posodobljena"
"Address Info","Informacije naslova"
"Address book is empty","Knjiga naslovov je prazna"
"Address data not specified.","Podatki naslova niso določeni."
"Address does not belong to this customer.","Naslov ne pripada temu kupcu."
"Address has been deleted.","Naslov je bil izbrisan."
"Address has been saved.","Naslov je bil shranjen."
"Admin Application Settings","Nastavitve administracije aplikacije"
"Admin Mobile Application","Administracija mobilne aplikacije"
"Admin application has not been enabled","Administracija aplikacije ni bila omogočena"
"Administrative contact for this app and for app submission issues.","Administrativni kontakt za to aplikacijo in za pošiljanje težav aplikacije."
"Advanced Settings","Napredne nastavitve"
"After submitting the App to Magento, please contact <a href=""mailto:%1$s"">%1$s</a> to receive the Application Key, Application Secret and Application Master Secret.","Po pošiljanju applikacije v Magento, prosimo, kontaktirajte <a href=""mailto:%1$s"">%1$s</a>, da prejmete ključ aplikacije, skrivno geslo aplikacije in glavno skrivno geslo aplikacije."
"AirMail Message Queue","Čakalna vrsta sporočil AirMail"
"AirMail Messages Queue","Čakalna vrsta sporočil AirMail"
"AirMail Template Preview","Predogled predloge AirMail"
"AirMail message","Sporočilo AirMail"
"AirMail templates","Predloge AirMail"
"All Allowed Countries","Vse dovoljene države"
"All Images","Vse slike"
"All locations","Vse lokacije"
"Amount","Znesek"
"Amount in %@","Znesek v %@"
"Amounts","Zneski"
"An account with this email address already exists.","Račun s to e-pošto že obstaja."
"An error occurred while adding item to wishlist.","Prišlo je do napake med dodajanjem elementa na seznam želja."
"An error occurred while deleting the address.","Prišlo je do napake med brisanjem naslova."
"An error occurred while loading categories.","Prišlo je do napake med nalaganjem kategorij."
"An error occurred while loading category filters.","Prišlo je do napake med nalaganjem filtrov kategorij."
"An error occurred while loading configuration.","Prišlo je do napake med nalaganjem nastavitev."
"An error occurred while loading localization.","Prišlo je do napake med nalaganjem lokalizacije."
"An error occurred while loading login form.","Prišlo je do napake med nalaganjem obrazca prijave."
"An error occurred while loading wishlist.","Prišlo je do napake med nalaganjem seznama želja."
"An error occurred while processing your order. Please contact us or try again later.","Prišlo je do napake med procesiranjem vašega naročila. Prosimo, kontaktirajte nas ali poskusite ponovno kasneje."
"An error occurred while processing your request.","Prišlo je do napake med procesiranjem vašega zahtevka."
"An error occurred while removing item from wishlist.","Prišlo je do napake med odstranjevanjem elementa iz seznama želja."
"An error occurred while removing items from wishlist.","Prišlo je do napake med odstranjevanjem elementov iz seznama želja."
"Analytics","Analitika"
"Android","Android"
"Android doesn\'t support AirMail message type.","Android ne podpira vrste sporočila AirMail."
"App Background","Ozadje aplikacije"
"App Background (landscape mode)","Ozadje aplikacije (ležeči način)"
"App Background (landscape mode).","Ozadje aplikacije (ležeči način)."
"App Background (portrait mode)","Ozadje aplikacije (pokončni način)"
"App Background (portrait mode).","Ozadje aplikacije (pokončni način)."
"App Background image missing.","Slika ozadja aplikacije manjka."
"App Code","Koda aplikacije"
"App Information","Informacije aplikacije"
"App Name","Ime aplikacije"
"App Stores","Trgovina aplikacije"
"App Submission History","Zgodovina pošiljanja aplikacije"
"App Title","Naslov aplikacije"
"App code","Koda aplikacije"
"App code required.","Zahtevana koda aplikacije."
"App does not exist.","Aplikacija ne obstaja."
"App has been deleted.","Aplikacija je bila izbrisana."
"App has been saved.","Aplikacija je bila shranjena."
"App has been submitted.","Aplikacija je bila poslana."
"App model not loaded.","Model aplikacije ni bil naložen."
"App with specified code does not exist.","Aplikacija z določeno kodo ne obstaja."
"Appears in the info section of your app (example: Copyright 2010 – Your Company, Inc.)","Prikaže se v sekciji informacij vaše aplikacije (primer: Vse pravice pridržane 2010 – Vaše podjetje, d.o.o.)"
"Application","Aplikacija"
"Application Key","Ključ aplikacije"
"Application Master Secret","Glavno skrivno geslo aplikacije"
"Application Name","Ime aplikacije"
"Application Secret","Skrivno geslo aplikacije"
"Application doesn\'t exist.","Aplikacija ne obstaja."
"Apply","Uporabite"
"Applying Coupon Code","Uporaba kode kupona"
"Applying Gift Card %@","Uporaba kartice darila %@"
"Are you sure you want to cancel a message?","Ste prepričani, da želite preklicati sporočilo?"
"Are you sure you want to cancel selected records?","Ste prepričani, da želite preklicati izbrane vnose?"
"Are you sure you want to delete a message?","Ste prepričani, da želite izbrisati sporočilo?"
"Are you sure you want to delete selected records?","Ste prepričani, da želite izbrisati izbrane vnose?"
"Are you sure you want to delete this theme? This change will affect all applications.","Ste prepričani, da želite izbrisati to temo? Ta sprememba bo imela vpliv na vse aplikacije."
"Are you sure you want to do this?","Ste prepričani, da želite to narediti?"
"Are you sure you want to remove this item?","Ste prepričani, da želite odstraniti ta element?"
"As Low As","Najmanj kot"
"As Low Excl. Tax","Najmanj kot brez davka"
"As Low Incl. Tax","Najmanj kot vključno z davkom"
"As a Magento customer, Urban Airship is offering you unlimited Push Notifications and Rich Push for $100/year* along with a 60 day free trial.","Kot stranka Magenta, vam Urban Airship ponuja neomejeno potiskanje obvestil in bogato potiskanje za $100/year* skupaj s 60-dnevno preskusno dobo."
"As low as","Najmanj kot"
"As low as excl. tax","Najmanj kot brez davka"
"As low as incl. tax","Najmanj kot vključno z davkom"
"At last one application has to be created.","Vsaj ena aplikacija mora biti ustvarjena."
"At least one option should be selected","Vsaj ena opcija bi morala biti izbrana"
"Authentication complete.","Overitev končana."
"Authentication to %@ did failed...","Overitev za %@ ni uspešna ..."
"Average Order Amount","Povprečni znesek naročila"
"Average Orders","Povprečna naročila"
"Average Rating","Povprečna ocena"
"Back","Nazaj"
"Back to App Edit","Nazaj na urejanje aplikacije"
"Background Color","Barva ozadja"
"Balance","Bilanca"
"Balance Change","Sprememba bilance"
"Balance History","Zgodovina bilance"
"Banner on Home Screen","Pasica na domačem zaslonu"
"Banner on Home Screen (landscape mode)","Pasica na domačem zaslonu (ležeči način)"
"Banner on Home Screen (landscape mode) image missing.","Slika pasice na domačem zaslonu (ležeči način) manjka."
"Banner on Home Screen (portrait mode)","Pasica na domačem zaslonu (pokončni način)"
"Banner on Home Screen (portrait mode) image missing.","Slika pasice na domačem zaslonu (pokončni način) manjka."
"Banner on Home Screen image missing.","Slika pasice na domačem zaslonu manjka."
"Banners on Home Screen","Pasice na domačem zaslonu"
"Best Sellers","Najboljše prodaje"
"Billing","Izstavitev računa"
"Billing Address","Naslov za izstavitev računa"
"Billing address","Naslov za izstavitev računa"
"Billing address has been set.","Naslov za izstavitev računa je bil nastavljen."
"Bundle Products","Paket produktov"
"Buy %1$s for %2$s","Kupite %1$s za %2$s"
"Buy %1$s for %2$s (%3$s incl. tax) each","Kupite %1$s za %2$s (%3$s vključno z davkom) vsak"
"Buy %1$s for %2$s each","Kupite %1$s za %2$s vsak"
"Buy %1$s with %2$s discount each","Kupite %1$s s popustom %2$s vsak"
"Buy More & Save","Kupite več in prihranite"
"Buyer country is not allowed by store.","Država kupca ni dovoljena v trgovini."
"CMS Page","Stran CMS"
"CMS Pages haven\'t been found.","Strani CMS niso bile najdene."
"Cache Lifetime (seconds)","Življenska doba predpomnilnika (sekunde)"
"Cache Management","Upravljanje predpomnilnika"
"Can\'t add item to shopping cart.","Dodajanje elementa v košarico ni mogoče."
"Can\'t apply the coupon code.","Uporaba kode kupona ni mogoča."
"Can\'t copy file ""%s"" to ""%s"".","Kopiranje datoteke ""%s"" v ""%s"" ni mogoče."
"Can\'t create wishlist.","Ustvarjanje seznama želja ni mogoče."
"Can\'t delete ""%s"" theme.","Brisanje teme ""%s"" ni mogoče."
"Can\'t load XML.","Nalaganje XML-a ni mogoče."
"Can\'t load admin application settings.","Nalaganje nastavitev administracije aplikacije ni mogoča."
"Can\'t load application with id ""%s""","Nalaganje aplikacije z id-jem ""%s"""
"Can\'t load cart info.","Nalaganje informacij košarice ni mogoče."
"Can\'t load cart.","Nalaganje košarice ni mogoče."
"Can\'t load customer form.","Nalaganje obrazca kupca ni mogoče."
"Can\'t load default themes.","Privzete teme ni mogoče."
"Can\'t load selected theme. Please check your media folder permissions.","Izbrane teme ni mogoče naložiti. Prosimo, preverite pravice vašega direktorija media."
"Can\'t load template with id ""%s""","Predloge z id-jem ""%s"" ni mogoče naložiti"
"Can\'t open submission form.","Obrazca za pošiljanje ni mogoče odpreti."
"Can\'t read file ""%s"".","Datoteke ""%s"" ni mogoče prebrati."
"Can\'t remove the item.","Elementa ni mogoče odstraniti."
"Can\'t reset theme.","Ponastavitev teme ni mogoča."
"Can\'t save address.","Shranjevanje naslova ni mogoče."
"Can\'t save the customer.","Shranjevanje kupca ni mogoče."
"Can\'t save theme.","Shranjevanje teme ni mogoče."
"Can\'t show configuration.","Prikaz nastavitev ni mogoč."
"Can\'t specify product.","Določitev produkta ni mogoča."
"Can\'t submit application.","Pošiljanje aplikacije ni mogoče."
"Can\'t update cart.","posodobitev košarice ni mogoča."
"Can\'t write to file ""%s"".","Pisanje datoteke ""%s"" ni mogoče."
"Cancel","Prekličite"
"Canceled","Preklicano"
"Canceling PayPal ...","Preklic PayPal ..."
"Cancelled","Preklicano"
"Cannot apply gift card.","Uporaba kartice darila ni mogoča."
"Cannot configure product.","Nastavitev produkta ni mogoča."
"Cannot load theme ""%s"".","Nalaganje teme ni mogoče ""%s""."
"Cannot redeem Gift Card.","Odkup kartice darila ni mogoč."
"Cannot remove gift card.","Odstranjevanje kartice darila ni mogoče."
"Cannot save theme ""%s"". Incorrect data received","Shranjevanje teme ""%s"" ni mogoče. Pridobljeni nepravilni podatki"
"Cannot update the item.","Posodobitev elementa ni mogoča."
"Card Verification Number","Številka potrjevanja kartice"
"Card verification number is wrong","Številka potrjevanja kartice ni pravilna"
"Carrier","Prevoznik"
"Cart","Košarica"
"Cart Updated","Košarica posodobljena"
"Cart has been updated.","Košarica je bila posodobljena."
"Cart has some errors.","Košarica ima nekaj napak."
"Cart is empty.","Košarica je prazna."
"Catalog Only App?","Aplikacija samo kataloga?"
"Category","Kategorija"
"Category Button Color","Barva gumba kategorije"
"Category Item Background Color","Barva ozadja elementa kategorije"
"Cc:","Cc:"
"Chairs","Stoli"
"Change Orientation","Spremenite orientacijo"
"Change Password","Spremenite geslo"
"Changes have been saved to theme.","Spremembe so bile shranjene v temo."
"Check","Preverite"
"Check Gift Card","Preverite kartico darila"
"Check Gift Card Promo Redeemed","Preverjanje promocijske kartice darila odkupljeno"
"Checking Gift Card %@","Preverjanje kartice darila %@"
"Checkout","Naročilo"
"Checkout Page Registration","Stran registracije naročila"
"Checkout as Guest","Naročite kot gost"
"Checkout as Guest or Register","Naročite kot gost ali pa se registrirajte"
"Checkout has been initialized.","Naročilo je bilo inicializirano."
"Checkout initialization...","Inicializacija naročila ..."
"Checkout initialized!","Naročilo inicializirano!"
"Choose Store View","Izberite pogled trgovine"
"Choose amount","Izberite znesek"
"Choose file","Izberite datoteko"
"City","Mesto"
"Clear","Počistite"
"Close","Zaprite"
"Color Themes","Barvne teme"
"Colors","Barve"
"Commiting updates...","Pošiljanje posodobitev ..."
"Company","Podjetje"
"Completed","Zaključeno"
"Configuration data have been saved","Podatki nastavitev so bili shranjeni"
"Configure Cart Item","Nastavite element košarice"
"Confirm New Password","Potrdite novo geslo"
"Confirm Password","Potrdite geslo"
"Connecting","Povezovanje"
"Connection Error\nWe\'re sorry. The app is experiencing connection problems. The app requires a network connection to operate.","Napaka povezovanja\nŽal nam je. Aplikacija ima težave povezave. Aplikacija za delovanje zahteva povezavo omrežja."
"Contact Email","Kontaktna e-pošta"
"Contact Information","Informacije kontakta"
"ContactsAreEmpty","Kontakti so prazni"
"Container is not defined.","Kontejner ni definiran."
"Content","Vsebina"
"Continue","Nadaljujte"
"Copyright","Avtorske pravice"
"Copyright Page Logo","Logotip strani avtorskih pravic"
"Copyright Page Logo (iPhone 4 retina)","Logotip strani avtorskih strani (iPhone 4 retina)"
"Copyright: Magento (c) 2010","Vse pravice pridržane: Magento (c) 2010"
"Countries","Države"
"Countries Payment Applicable From","Uporaba plačila iz držav"
"Country","Država"
"Country options don\'t recognized for ""%s"".","Opcije države niso prepoznane za ""%s""."
"Coupon code %s is not valid.","Koda kupona %s ni veljavna."
"Coupon code %s was applied.","Koda kupona %s je bila uporabljena."
"Coupon code is empty.","Koda kupona je prazna."
"Coupon code was canceled.","Koda kupona je bila preklicana."
"Create Account","Ustvarite račun"
"Create an Account","Ustvarite račun"
"Creating a Template is allowed only for applications which have device type iPhone.","Ustvarjanje predloge je dovoljeno samo za aplikacije, ki imajo tip naprave iPhone."
"Credit Card","Kreditna kartica"
"Credit Card %s","Kreditna kartica %s"
"Credit Card Number","Številka kreditne kartice"
"Credit Card Type","Tip kreditne kartice"
"Credit card number does not match credit card type.","Številka kreditne kartice se ne ujema s tipom kreditne kartice."
"Cross Sells","Navzkrižna prodaja"
"Current Balance: %s","Trenutno stanje: %s"
"Current Password","Trenutno geslo"
"Currently, the system does not support the viewing of the order detail.","Trenutno sistem ne podpira pogleda podrobnosti naročila."
"Custom App Icon","Ikona aplikacije po meri"
"Custom App Icon (iPhone 4 retina)","Ikona aplikacije po meri (iPhone 4 retina)"
"Custom Colors","Barve po meri"
"Custom amount","Znesek po meri"
"Customer","Kupec"
"Customer Name","Ime kupca"
"Customer authentication problem.","Problem overjanja kupca."
"Customer balance available in enterprise version of Magento only.","Stanje kupca je na voljo samo v enterprise verziji Magenta."
"Customer balance is disabled for current store","Stanje kupca je onemogočeno za trenutno trgovino"
"Customer email not specified.","E-pošta kupca ni določena."
"Customer logout problem.","Težava odjave kupca."
"Customer not logged in.","Kupec ni prijavljena."
"Customers","Kupci"
"DD","DD"
"Date","Datum"
"Date Created","Datum ustvarjanja"
"Date Submitted","Datum pošiljanja"
"Date Updated","Datum posodobitve"
"Date:","Datum:"
"Day","Dan"
"Deeper Messaging and Engagement with Rich Push.","Globlje sporočanje in angažiranje z bogatim potiskanjem."
"Default Billing Address","Privzeti naslov za izstavitev računa"
"Default Shipping Address","Privzeti naslov za dostavo"
"Default Theme","Privzeta tema"
"Default themes are missed.","Privzete teme manjkajo."
"Delete","Izbrišite"
"Delete Action","Akcija brisanja"
"Delete theme","Brisanje teme"
"Deleted","Izbrisano"
"Description","Opis"
"Description that appears in Android Market. %s chars maximum. ","Opis, ki se pojavi v Android Market-u. Največ %s znakov. "
"Description that appears in the iTunes App Store. %s chars maximum. ","Opis, ki se pojavi v iTunes trgovini aplikacij. Največ %s znakov. "
"Deselect All","Odznačite vse"
"Design","Oblika"
"Device","Naprava"
"Device Information","Informacije naprave"
"Device Type","Tip naprave"
"Device doesn\'t recognized","Naprava ni prepoznana"
"Device doesn\'t recognized. Unable to load a template.","Naprava ni prepoznana. Nalaganje predloge ni možno."
"Device doesn\'t recognized: ""%s"". Unable to load a helper.","Naprava ni prepoznana: ""%s"". Pomočnika ni mogoče naložiti."
"Device doesn\'t recognized: ""%s"". Unable to load preview model.","Naprava ni prepoznana: ""%s"". Predogled modela ni mogoč."
"Device type doesn\'t recognized.","Tip naprave ni prepoznan."
"Discount code is empty","Koda popusta je prazna"
"Discount:","Popust:"
"Done","Urejeno"
"Downloadable Products Updated","Prenosljivi produkti posodobljeni"
"Downloads limit:","Omejitev prenosov:"
"E-mail","E-pošta"
"Edit","Urejanje"
"Edit Action","Akcija urejanja"
"Edit Address","Naslov za urejanje"
"Edit AirMail Message","Uredite sporočilo AirMail"
"Edit AirMail Message Queue #%s","Uredite sporočilo AirMail čakalne vrste #%s"
"Edit App ""%s""","Uredite aplikacijo ""%s"""
"Edit Filter","Uredite filter"
"Edit Image","Uredite sliko"
"Edit Mail List","Uredite seznam pošte"
"Edit Template ""%s""","Uredite predlogo ""%s"""
"Edit filter","Uredite filter"
"Edit note","Uredite opombo"
"Either remote URL or application code was not set. Please make sure you filled all the values and try again.","Bodisi oddaljeni URL ali koda aplikacije ni bila poslana. Prosimo, zagotovite, da ste izpolnili vse vrednosti in poskusite kasneje."
"Element with id %s already exists","Element z id %s že obstaja"
"Email","E-pošta"
"Email Address","Naslov e-pošte"
"Email address you provided is not valid. Please provide a valid one.","Naslov e-pošte, ki ste ga ponudili ni veljaven. Prosimo, ponudite veljavnega."
"Email is not correct","E-pošta ni pravilna"
"Email is not specified","E-pošta ni določena"
"Enable Admin Application","Omogočite administracijsko aplikacijo"
"Enable AirMail Message Push notification","Omogočite sporočilo AirMail potiskanja obvestila"
"Enable Facebook","Omogočite Facebook"
"Enable Flurry Analytics","Omogočite analitiko Flurry"
"Enable Flurry Analytics for the merchant.","Omogočite analitiko Flurry za trgovca."
"Enable LinkedIn","Omogočite LinkedIn"
"Enable Standard Checkout","omogočite običajno naročilo - Standard Checkout"
"Enable Twitter","Omogočite Twitter"
"Enter Name","Vnesite ime"
"Enter discount code first.","Vnesite najprej kodo popusta."
"Enter discount code if any","Vnesite kodo popusta, če obstaja"
"Enter e-mail","Vnesite e-pošto"
"Enter giftcard promo code here","Tu vnesite promocijsko kodo darilne kartice"
"Enter text","Vnesite tekst"
"Enter the gift card code","Vnesite kodo darilne kartice"
"Error","Napaka"
"Error Loading Configuration Format","Napaka nalaganja formata nastavitev"
"Error during shortening url","Napaka med okrajšanjem url-ja"
"Error message text is missed.","Tekst napake sporočila manjka."
"Error while processing file ""%s"".","Napaka med procesiranjem datoteke ""%s""."
"Error while reading data from Payment Bridge. Please, try again.","Napaka med branjem podatkov iz Payment Bridge. Prosimo, poskuste ponovno."
"Error while reading remote data","Napaka med branjem oddaljenih podatkov"
"Error while uploading file ""%s"".","Napaka med nalaganjem datoteke ""%s""."
"Error while uploading file ""%s"". Disallowed file type. Only ""jpg"", ""jpeg"", ""gif"", ""png"" are allowed.","Napaka med nalaganjem datoteke ""%s"". Nedovoljeni tip datoteke. Dovoljeni so samo ""jpg"", ""jpeg"", ""gif"", ""png""."
"Excl. Tax","Izključuje davek"
"Expiration Date - Month","Datum poteka - mesec"
"Expiration Date - Year","Datum poteka - leto"
"Expires: %s","Poteče: %s"
"Extend the life of your app with Urban Airship Push Notifications.","Razširite življenje vaše aplikacije z Urban Airship potiskanjem obvestil."
"Extensions","Razširitve"
"FILTERS APPLIED","UPORABLJNI FILTRI"
"Facebook","Facebook"
"Facebook API","Facebook API"
"Facebook Application ID","ID aplikacije Facebook"
"Facebook post failed...","Facebook objava ni uspešna ..."
"Fax","Faks"
"File can\'t be uploaded.","Datoteke ni mogoče naložiti."
"File doesn\'t exist ""%s"".","Datoteka ne obstaja ""%s""."
"Filter","Filter"
"Filters","Filtri"
"First Name","Prvo ime"
"Fixed amounts","Fiksni zneski"
"Flurry API Code","Koda Flurry API"
"Flurry Analytics","Analitika Flurry"
"Flurry Analytics Site","Stran analitike Flurry"
"Fonts","Črke"
"Forgot Password","Pozabili geslo"
"Forgot Password?","Pozabili geslo?"
"Forgot your password?","Pozabili vaše geslo?"
"Form","Obazec"
"Free","Prosto"
"From","Od"
"From Excl. Tax","Od brez davka"
"From Incl. Tax","Od vključno z davkom"
"From excl. tax","Od brez davka"
"From incl. tax","Od vključno z davkom"
"Full Description","Polni opis"
"Funk Leaf","Funk Leaf"
"Gallery","Galerija"
"General","Splošno"
"Generate Offline Catalog","Generirajte katalog brez povezave"
"Get Content from CMS Page","Dobite vsebino iz strani CMS"
"Gift Card ""%s"" was added.","Darilna kartica ""%s"" je bila dodana."
"Gift Card ""%s"" was redeemed.","Darilna kartica ""%s"" je bila odkupljena."
"Gift Card ""%s"" was removed.","Darilna kartica ""%s"" je bila odstranjena."
"Gift Card (%s)","Darilna kartica (%s)"
"Gift Card amount applied to order: %s","Znesek darilne kartice uporabljen za naročilo: %s"
"Gift Card code is empty.","Koda darilne kartice je prazna."
"Gift Card: %s","Darilna kartica: %s"
"Gift card account available in enterprise version of Magento only.","Račun darilne kartice je na voljo samo v enterprise izdaji Magenta."
"Giftcard promo code","Promocijska koda darilne kartice"
"Grand Total","Vse skupaj"
"Grand Total (Excl. Tax)","Vse skupaj (brez davka)"
"Grand Total (Incl. Tax)","Vse skupaj (vključno z davkom)"
"Guest","Gost"
"Header Background Color","Barva ozadja glave"
"Header Font Color","Barva črk glave"
"High Resolution Application Icon","Visoko resolucijska ikona aplikacije"
"Home","Domov"
"Hot Red","Vroče rdeče"
"How do you rate this product?","Kako ocenjujete ta produkt?"
"How to incorporate Urban Airship within your application:","Kako vključiti Urban Airship znotraj vaše aplikacije:"
"I Agree","Strinjam se"
"I agree to the Terms and Conditions","Strinjam se s pravili in pogoji"
"ID","ID"
"Icon that will appear on the user\'s device after they download your app.","Ikona, ki se bo pojavila na napravi uporabnika po tem, ko prenese vašo aplikacijo."
"Icon that will appear on the user\'s device after they download your app. You do not need to apply a gradient or soft edges (this is done automatically by Apple).","Ikona, ki se bo pojavila na uporabnikovi napravi po tem, ko prenese vašo aplikacijo. Ne potrebujete uporabiti gradienta ali mehkih robov (to je narejeno avtomatsko s strani Apple-a)."
"Icon that will appear on the user\'s phone after they download your app.  You do not need to apply a gradient or soft edges (this is done automatically by Apple).","Ikona, ki se bo pojavila na uporabnikovem telefonu, ko prenese vašo aplikacijo. Ne potrebujete uporabiti gradienta ali mehkih robov (to je narejeno avtomatsko s strani Apple-a)."
"Icon that will appear on the user\'s phone after they download your app. You do not need to apply a gradient or soft edges (this is done automatically by Apple).","Ikona, ki se pojavi na uporabnikovem telefonu, ko prenese vašo aplikacijo. Ne potrebujete uporabiti gradienta ali mehkih robov (to je narejeno avtomatsko s strani Apple-a)."
"Icons","Ikone"
"If leave this field empty, the message will be sent immediately","Če pustite to polje prazno, bo to sporočilo poslano takoj"
"If you want to disable the cache on the application side, leave the field empty. Warning! When disabling cache, the application will take time to load each page.","Če ne želite onemogočiti predpomnilnika na strani aplikacije, pustite to polje prazno. Opozorilo! Ko onemogočate predpomnilnik, si bo aplikacija vzela čas za nalaganje vsake strani."
"Image %s is required.","Slika %s je zahtevana."
"Image action has been saved.","Slika akcije je bila shranjena."
"Image does not exist. Please reload this page.","Slika ne obstaja. Prosimo, ponovno naložite to stran."
"Image file was not found.","Datoteka slike ni bila najdena."
"Image has been deleted.","Slika je bila izbrisana."
"Image id is required.","Id slike je zahtevan."
"Image limits don\'t recognized for ""%s"" image type","Omejitve slike niso prepoznane za ""%s"" tip slike"
"Image that appears on first screen while your app is loading.","Slika, ki se pojavi na prvem zaslonu, ko se vaša aplikacija nalaga."
"Image type doesn\'t recognized: ""%s"".","Tip slike ni prepoznan: ""%s""."
"Image type is required.","Tip slike ni zahtevan."
"Images","Slike"
"Images order has been updated.","Vrstni red slik je bil posodobljen."
"In Queue","V čakalni vrsti"
"In Stock","Na zalogi"
"In addition, click here to review Urban Airship\'s Terms of Service: <a href=""%s"" target=""_blank"">click here</a>.","Kot dodatek, kliknite tu za pregled pravil in pogojev Urban Airship: <a href=""%s"" target=""_blank"">kliknite tu</a>."
"In order to resubmit your app, you need to first purchase a <a href=""%s"" target=""_blank"">%s</a> from MagentoCommerce","Da ponovno pošljete vašo aplikacijo, morate najprej kupiti <a href=""%s"" target=""_blank"">%s</a> iz MagentoCommerce"
"In order to submit your app, you need to first purchase a <a href=""%s"" target=""_blank"">%s</a> from MagentoCommerce","Da pošljete vašo aplikacijo, morate najprej kupiti <a href=""%s"" target=""_blank"">%s</a> iz MagentoCommerce"
"Inactive Tabs","Neaktivni zavihki"
"Incl. Tax","Z davkom"
"Incl. tax","Z davkom"
"Initialization PayPal ...","PayPal inicializacija ..."
"Initialization of the PayPal checkout failed!","Inicializacija PayPal naročila ni uspešna!"
"Invalid XML.","Neveljavni XML."
"Invalid current password.","Neveljavno trenutno geslo."
"Invalid customer data.","Neveljavni podatki kupca."
"Invalid data.","Neveljavni podatki."
"Invalid email address.","Neveljaven naslov e-pošte."
"Invalid item or wishlist.","Neveljaven element ali seznam želja."
"Invalid login or password.","Neveljavna prijava ali geslo."
"Invalid shipping method.","Neveljaven način dostave."
"Issue Number","Številka izdaje"
"It\'s not allowed to delete submitted application.","Ni dovoljeno izbrisati poslane aplikacije."
"Item","Element"
"Item Options","Opcije elementa"
"Item has been added to cart.","Element je bil dodan v košarico."
"Item has been deleted from cart.","Element je bil izbrisan iz košarice."
"Item has been removed from wishlist.","Element je bil odstranjen iz seznama želja."
"Items","Elementi"
"Items were updated. But can\'t update wishlist.","Elementi so bili posodobljeni. Vendar posodobitev seznama želja ni mogoča."
"Keep your image size below %s KB for optimal performance.","Obdržite velikost vaše slike pod %s KB za optimalno uspešnost."
"Key","Ključ"
"Keywords","Ključne besede"
"Label","Oznaka"
"Landscape app Background","Ležeče ozadje aplikacije"
"Landscape banners on Home Screen","Ležeče pasice na domačem zaslonu"
"Large iTunes Icon","Velika ikona iTunes"
"Large icon that appears in the iTunes App Store. You do not need to apply a gradient or soft edges (this is done automatically by Apple).","Velika ikona, ki se pojavi v trgovini aplikacij iTunes. Ne potrebujete uporabiti gradienta ali mehkih robov (to naredi Apple avtomatsko)."
"Last 5 Orders","Zadnjih 5 naročil"
"Last 5 Search Terms","Zadnjih 5 iskanih izrazov"
"Last Name","Priimek"
"Last update: %@","Zadnja posodobitev: %@"
"Lifetime Sales","Doživljenska prodaja"
"LindedIn","LindedIn"
"Link:","Povezava:"
"LinkedIn","LinkedIn"
"LinkedIn API","API LinkedIn"
"LinkedIn API Key","Ključ API-ja LinkedIn"
"LinkedIn Authorization","Avtorizacija LinkedIn"
"LinkedIn Autorization","Avtorizacija LinkedIn"
"LinkedIn Secret Key","Skrivni ključ LinkedIn"
"Linkedin post failed...","Objava Linkedin ni uspešna ..."
"List of downloadable products is empty","Seznam prenosljivih produktov je prazen"
"Load more items","Naložite več elementov"
"Loader Splash Screen","Zaslon škropilnega nalagalnika"
"Loader Splash Screen (iPhone 4 retina)","Zaslon škropilnega nalagalnika (iPhone 4 retina)"
"Loader Splash Screen (landscape mode)","Zaslon škropilnega nalagalnika (ležeči način)"
"Loader Splash Screen (portrait mode)","Zaslon škropilnega nalagalnika (pokončni način)"
"Loading %@...","Nalaganje %@..."
"Loading Account Form...","Nalaganje obrazca računa ..."
"Loading Address Book...","Nalaganje knjige naslovov ..."
"Loading Address Form...","Nalaganje obrazca naslova ..."
"Loading CMS page ...","Nalaganje strani CMS ..."
"Loading Cart...","Nalaganje košarice ..."
"Loading Gallery...","Nalaganje galerije ..."
"Loading Login Form...","Nalaganje prijavnega obrazca ..."
"Loading My Downloadable Products...","Nalaganje mojih prenosljivih produktov ..."
"Loading Order Details","Nalaganje podrobnosti naročila"
"Loading Orders List...","Nalaganje seznama naročil ..."
"Loading Preview...","Loading Predogled ..."
"Loading Product Options...","Opcije nalaganja produkta ..."
"Loading Products...","Nalaganje produktov ..."
"Loading Registration Form...","Nalaganje obrazca registracije ..."
"Loading Restore Password Form...","Nalaganje obrazca obnovitve gesla ..."
"Loading Store Credit...","Nalaganje kredita trgovine ..."
"Loading WishList...","Nalaganje seznama želja ..."
"Loading Write Review Form...","Nalaganje obrazca pisanja mnenja ..."
"Loading category ...","Nalaganje kategorije ..."
"Loading more items...","Nalaganje več elementov ..."
"Loading product ...","Nalaganje produkta ..."
"Loading shipping methods ...","Nalaganje načinov dostave ..."
"Loading...","Nalaganje ..."
"Locations","Lokacije"
"Log In","Prijava"
"Log Out","Odjava"
"Log in to Admin Panel","Prijavite se v administracijsko ploščo"
"Log into Account","Prijavite se v račun"
"Log into your account","Prijavite se v vaš račun"
"Log out Account","Odjavite se iz računa"
"LogInMessageTitle","LogInMessageTitle"
"Login and password are required.","Prijava in geslo sta zahtevana."
"Logo in Header","Logotip v glavi"
"Logo in Header image missing.","Logotip v sliki glave manjka."
"Logout complete.","Odjava končana."
"MEP is PayPal\'s native checkout experience for the iPhone. You can choose to use MEP alongside standard checkout, or use it as your only checkout method for Magento mobile. PayPal MEP requires a <a href=""%s"">PayPal business account</a>","MEP je PayPal-ova prvotna izkušnja naročila za iPhone. Lahko izberete uporabiti MEP skupaj s standardnim naročilom, ali pa ga uporabite kot vaš edini način naročila za Magento mobile. PayPal MEP zahteva <a href=""%s"">PayPal poslovni račun</a>"
"MM","MM"
"Mailbox title","Naslov Mailbox"
"Main Tabs","Glavni zavihki"
"Make Inactive","Naredite neaktivno"
"Make this app available in the following territories","Naredite to aplikacijo na voljo za sledeče teritorije"
"Manage Apps","Upravljajte aplikacije"
"Manage Mobile App","Upravljajte mobilno aplikacijo"
"Maximum length is 140","Največja dolžina je 140"
"Maximum length is 255","Največja dolžina je 255"
"Maximum size: %s KB.","Največja velikost: %s KB."
"Maximum: %.2f","Največ: %.2f"
"Merchant Label","Oznaka trgovca"
"Merge","Združite"
"Message","Sporočilo"
"Message Queue","Sporočilo čakalne vrste"
"Message Settings","Nastavitve sporočila"
"Message Templates","Predloge sporočila"
"Message Title","Naslov sporočila"
"Message Type","Tip sporočila"
"Message can be edited when status of the message is ""In Queue"" only.","Sporočilo je lahko urejeno samo, ko je status sporočila ""Na čakanju""."
"Message content","Vsebina sporočila"
"Message text is missed.","Tekst sporočila manjka."
"Message title","Naslov sporočila"
"Message too long, please use 140 symbols","Sporočilo je predolgo, prosimo uporabite 140 simbolov"
"Message type doesn\'t recognized","Tip sporočila ni prepoznan"
"Minimize","Zmanjšajte"
"Minimum %@, maximum %@","Najmanj %@, največ %@"
"Minimum: %.2f","Najmanj: %.2f"
"Mobile","Mobile"
"Mobile Express Checkout has been canceled.","Mobile Express Checkout je bil preklican."
"Mobile Express Checkout processed successfully.","Mobile Express Checkout uspešno procesiran."
"Month","Mesec"
"More","Več"
"More Info","Več informacij"
"More Tabs","Več zavihkov"
"Most Viewed Products","Najbolj pogledani produkti"
"My Account","Moj račun"
"My Downloadable Products","Moji prenosljivi produkti"
"My Orders","Moja naročila"
"My Wishlist","Moj seznam želja"
"Name","Ime"
"Name on Card","Ime na kartici"
"Name that appears beneath your app when users install it to their device. We recommend choosing a name that is 10-12 characters and that your customers will recognize. %s chars max.","Ime, ki se prikaže pod vašo aplikacijo, ko jo uporabniki namestijo na njihove naprave. Priporočamo izbiro imena, ki ima 10-12 znakov in ki ga bodo vaši kupci prepoznali. Največ %s znakov."
"New AirMail Message","Novo sporočilo AirMail"
"New AirMail Message Queue","Čakalna vrsta novega sporočila AirMail"
"New App","Nova aplikacija"
"New Customers","Novi kupci"
"New Password","Novo geslo"
"New Template","Nova predloga"
"New to Our Store?","Novi v naši trgovini?"
"Nickname","Vzdevek"
"No","Ne"
"No Payment Information Required","Nobenih informacij plačila ni zahtevanih"
"No Ratings","Ni ocen"
"No internet connection. Retry later ...","Ni internetne povezave. Poskusite kasneje ..."
"No items were specifed to update.","Noben element ni bil določen za posodobitev."
"No items were updated.","Noben element ni bil posodobljen."
"No product selected.","Noben prudukt ni izbran."
"No products found. Please retry with other term","Nobenih produktov najdenih. Prosimo, poskusite z drugim izrazom"
"No shipping method required.","Noben način dostave zahtevan."
"No such file ""%s"".","Nobene take datoteke ""%s""."
"Not Submitted","Ni poslano"
"Note: Image size affects the performance of your app.","Opomba: Velikost slike vpliva na uspešnost vaše aplikacije."
"Notice","Obvestilo"
"Number of Orders","Število naročil"
"Number of Uses","Število uporab"
"OK","V redu"
"OR, Pay with Standard Checkout","Ali plačajte z običajnim naročilom"
"Offline Catalog","Katalog brez povezave"
"Offline cart stored on server","Košarica brez povezave shranjena na strežniku"
"Offline catalog export complete.","Izvoz kataloga brez povezave končan."
"Offline catalog export failed.","Izvoz kataloga brez povezave ni uspešen."
"One or more keywords that describe your app. Keywords are matched to users\' searches in the App Store and help return accurate search results. Separate multiple keywords with commas. 100 chars is maximum.","Ena ali več ključnih besed, ki opisuje vašo aplikacijo. Ključne besede se ujemajo z iskanji uporabnika v trgovini aplikacij in pomagajo vrniti točne rezultate iskanja. Več ključnih besed ločenih z vejicami. 100 znakov je največ."
"Onepage checkout is disabled.","Naročilo Onepage je onemogočeno."
"Only custom theme can be deleted","Samo tema po meri je lahko izbrisana"
"Only default theme can be reset","Samo privzeta tema je lahko ponastavljena"
"Only free apps are allowed in this version.","Samo proste aplikacije so dovoljene v tej verziji."
"Only registered users can write reviews. Please, log in or register.","Samo registrirani uporabniki lahko pišejo mnenja. Prosimo, prijavite se ali registrirajte."
"Open","Odprite"
"Options","Opcije"
"Options menu items","Elementi menija opcij"
"Order","Naročilo"
"Order #","Naročilo #"
"Order #%s - %s","Naročilo #%s - %s"
"Order Date: %s","Datum naročila: %s"
"Order Details Updated","Podrobnosti naročila posodobljene"
"Order ID","ID naročila"
"Order ID:","ID naročila:"
"Order Info","Informacije naročila"
"Order List Updated","Seznam naročila posodobljen"
"Order Number","Številka naročila"
"Order Review","Pregled naročila"
"Order canceled","Naročilo preklicano"
"Order failed","Naročilo neuspešno"
"Order id is not specified.","Id naročila ni določen."
"Order is not available.","Naročilo ni na voljo."
"Ordered","Naročeno"
"Ordered Items","Elementi naročila"
"Orders","Naročila"
"Other amount","Drug znesek"
"Out of Stock","Ni na zalogi"
"Output format is not specified. Please, specify ""format"" key in constructor, or set it using setFormat().","Format izpisa ni določen. Prosimo, določite ključ ""format"" v konstruktorju ali ga nastavite z uporabo setFormat()."
"Overall Activity","Skupna aktivnost"
"POST data is not valid.","Podatki POST niso veljavni."
"Pages","Strani"
"Password","Geslo"
"Password fields cannot be empty.","Polja gesla ne morejo biti prazna."
"Password is not specified","Geslo ni določeno"
"Password:","Geslo:"
"PayPal","PayPal"
"PayPal Checkout","Naročilo PayPal"
"PayPal MECL is the mobile version of PayPal\'s Express Checkout service. You can choose to use MECL alongside standard checkout, or use it as your only checkout method for Magento Mobile.","PayPal MECL je mobilna verzija PayPal-ove Express Checkout storitve. Lahko izberete uporabo MECL skupaj s standardnim naročilom ali pa ga uporabite kot vaš edini način naročila za Magento Mobile."
"PayPal MEP","PayPal MEP"
"PayPal Mobile Embedded Payment (MEP)","Vgrajeno plačilo PayPal Mobile (MEP)"
"PayPal Mobile Express Checkout","Naročilo PayPal Mobile Express"
"PayPal Mobile Express Checkout Library (MECL)","Knjižnica naročila PayPal Mobile Express (MECL)"
"PayPal Mobile Express Checkout Token does not exist.","Žeton naročila PayPal Mobile Express ne obstaja."
"Payer Email: %s","E-pošta plačnika: %s"
"Payment Applicable From","Plačilo uporabno iz"
"Payment Bridge module unavailable.","Modul Payment Bridge na voljo."
"Payment Information","Informacije plačila"
"Payment Method","Način plačila"
"Payment Method has been set.","Metoda plačila je bila nastavljena."
"Payment Methods","Načini plačila"
"Payment method","Način plačila"
"Payment method was successfully set.","Način plačila je bil uspešno nastavljen."
"Paypal MEP doesn\'t support checkout with any discount.","Paypal MEP ne podpira naročila s katerimkoli popustom."
"Place Order","Podajte naročilo"
"Placing order ...","Podajte naročilo ..."
"Please <a href=""%s"" target=""_blank"">click here</a> to see how to setup and retrieve API credentials.","Prosimo, <a href=""%s"" target=""_blank"">kliknite tu</a>, da vidite, kako nastaviti in pridobiti poverilnice API-ja."
"Please Select Application","Prosimo, izberite aplikacijo"
"Please Select Device Type","Prosimo izberite tip naprave"
"Please agree to all the terms and conditions before placing the order.","Prosimo, strinjajte se z vsemi pravili in pogoji preden oddate naročilo."
"Please create and save an application first.","Prosimo, najprej ustvarite in shranite aplikacijo."
"Please enter ""App Title"".","Prosimo, vnesite ""Naslov aplikacije""."
"Please enter a valid URL. Protocol is required (http://, https:// or ftp://)","Prosimo, vnesite veljavni URL. Protokol je zahtevan (http://, https:// ali ftp://)"
"Please enter a valid date.","Prosimo, vnesite veljaven datum."
"Please enter a valid email address. For example johndoe@domain.com.","Prosimo, vnesite veljavni naslov e-pošte. Na primer johndoe@domain.com."
"Please enter at least one email recipient","Prosimo, vnesite vsaj enega prejemnika e-pošte"
"Please enter issue number or start date for switch/solo card type.","Prosimo, vnesite številko težave ali začetni datum za tip kartice switch/solo."
"Please enter the Activation Key.","Prosimo, vnesite ključ aktivacije."
"Please enter the Copyright.","Prosimo, vnesite avtorske pravice."
"Please enter the Description.","Prosimo, vnesite opis."
"Please enter the Price.","Prosimo, vnesite ceno."
"Please enter the Resubmission Key.","Prosimo, vnesite ključ ponovnega pošiljanja."
"Please enter the Title.","Prosimo, vnesite naslov."
"Please make sure your passwords match.","Prosimo zagotovite, da se vaše geslo ujema."
"Please save application first.","Prosimo, najprej shranite aplikacijo."
"Please select an option.","Prosimo, izberite opcijo."
"Please select at least one country.","Prosimo, izberite vsaj eno državo."
"Please select payment method to cover a quote","Prosimo izberite način plačila, da pokrijete predračun"
"Please set email","Prosimo, nastavite e-pošto"
"Please specify payment method","Prosimo, določite način plačila"
"Please specify shipping method","Prosimo, določite način dostave"
"Please upload  an image for ""App Background (landscape mode)"" field from Design Tab.","Prosimo, naložite sliko za ""Ozadje aplikacije (ležeči način)"" polje iz jezička oblikovanje."
"Please upload  an image for ""App Background (portrait mode)"" field from Design Tab.","Prosimo, naložite sliko za ""Ozadje aplikacije (pokončni način)"" polje iz jezička oblikovanje."
"Please upload  an image for ""App Background"" field from Design Tab.","Prosimo, naložite sliko za polje ""Ozadje aplikacije"" iz zavihka oblikovanje."
"Please upload  an image for ""Banner on Home Screen (landscape mode)"" field from Design Tab.","Prosimo, naložite sliko za polje ""Pasica na domačem zaslonu (ležeči način)"" iz zavihka oblikovanje."
"Please upload  an image for ""Banner on Home Screen (portrait mode)"" field from Design Tab.","Prosimo, naložite sliko za polje ""Pasica na domačem zaslonu (pokončni način)"" iz zavihka oblikovanje."
"Please upload  an image for ""Banner on Home Screen"" field from Design Tab.","Prosimo, naložite sliko za polje ""Pasica na domačem zaslonu"" iz zavihka oblikovanje."
"Please upload  an image for ""Logo in Header"" field from Design Tab.","Prosimo naložite sliko za polje ""Logotip in glava"" iz zavihka oblikovanje."
"Please use letters only (a-z or A-Z) in this field.","Prosimo, uporabite samo črke (a-z or A-Z) v tem polju."
"Please use numbers only in this field. Please avoid spaces or other characters such as dots or commas.","Prosimo, uporabite samo številke v tem polju. Prosimo, izognite se presledkom ali drugim znakom kot so pike in vejice."
"Please use only letters (a-z or A-Z) or numbers (0-9) only in this field. No spaces or other characters are allowed.","Prosimo, uporabite samo črke (a-z or A-Z) ali številke (0-9) v tem polju. Presledki ali ostali znaki niso dovoljeni."
"Please wait...","Prosimo, počakajte ..."
"Please, specify gift card amount!","Prosimo, določite znesek darilne kartice!"
"Portrait app Background","Pokončno ozadje aplikacije"
"Portrait banners on Home Screen","Pokončne pasice na domačem zaslonu"
"Post data is empty.","Podatki post so prazni."
"Post this product to your wall","Objavite ta produkt na vaš zid"
"Posting to e-mails","Pošiljanje po e-pošti"
"Preferred size: %spx x %spx.","Zaželjena velikost: %spx x %spx."
"Preset Theme","Prednastavljena tema"
"Preview","Predogled"
"Price","Cena"
"Price Font Color","Barva črk cene"
"Price excluding tax","Cena brez davka"
"Price including tax","Cena z davkom"
"Primary Color","Primarna barva"
"Primary Font Color","Primarna barva črk"
"Problem changing or sending password.","Težava pri spreminjanju ali pošiljanju gesla."
"Proceed to Checkout","Nadaljujte na blagajno"
"Product","Produkt"
"Product Added to Cart","Produkt dodan v košarico"
"Product Added to Wishlist","Produkt dodan na seznam želja"
"Product Gallery Updated","Galerija produktov posodobljena"
"Product Name3 ","Ime3 produkta "
"Product Name3 1","Ime3 produkta 1"
"Product Name3 2","Ime3 produkta 2"
"Product Options Updated","Opcije produkta posodobljene"
"Product Removed From Wishlist","Produkt odstranjen iz seznama želja"
"Product Reviews Updated","Mnenja o produktu posodobljena"
"Product SKU","SKU produkta"
"Product Updated","Produkt posodobljen"
"Product added","Produkt dodan"
"Product is out of stock","Produkt ni na zalogi"
"Product is unavailable.","Produkt ni na voljo."
"Product only available on the website.","Produkt je na voljo samo na spletni strani."
"Product succesfully added to cart","Produkt uspešno dodan v košarico"
"Product was not specified.","Produkt ni bil določen."
"Product(s) currently out of stock.","Produkt(i) trenutno ni(so) na zalogi."
"Products","Produkti"
"Pull Down To Update..","Potegnite, da posodobite."
"Purchase Order Number","Kupite številko naročila"
"Push Notification","Obvestilo potiskanja"
"Push Notifications allow you to send messages directly to the people who have installed your app on their device. Send messages to your full audience even when your app is closed. Push Notifications are one of the best ways to keep your app active by delivering valuable content directly to your customers. Learn more about Push Notifications - <a href=""%1$s"" target=""_blank"">%1$s</a>","Obvestilo potiskanja vam omogoča pošiljanje sporočil direktno ljudem, ki so namestili vašo aplikacijo na svoje naprave. Pošljite sporočila vašemu polnemu občinstvu, tudi ko je vaša aplikacija zaprta. Obvestila potiskanja sot ena izmed najboljših načinov, da obdržite vašo aplikacijo aktivno z dostavo dragocene vsebine direktno vašim kupcem. Naučite se več o obvestilih potiskanja - <a href=""%1$s"" target=""_blank"">%1$s</a>"
"Push Title","Naslov potiskanja"
"Push message","Sporočilo potiskanja"
"Push title","Naslov potiskanja"
"Qty","Količina"
"Qty:","Količina:"
"Quantity","Količina"
"Quantity:","Količina:"
"Queue Date","Datum čakanja"
"Queue Message","Sporočilo čakanja"
"Queue does not exist.","Čakalna vrsta ne obstaja."
"Queue is allowed only for applications with enabled Push Notification.","Čakalna vrsta je dovoljena samo za aplikacije z omogočenim obvestilom potiskanja."
"Quote instance is required.","Instanca predračuna je zahtevana."
"Quote item is not found.","Element predračuna ni najden."
"Range param doesn\'t recognized","Parameter območja ni prepoznan"
"Ratings and Reviews","Ocene in pregledi"
"Read the Terms and Conditions","Preberite pravila in pogoje"
"Recent Activity","Nedavna aktivnost"
"Recipient Information","Informacije prejemnika"
"Recommended size %spx x %spx.","Priporočljiva velikost %spx x %spx."
"Recommended size: %spx x %spx at %s dpi.","Priporočljiva velikost: %spx x %spx at %s dpi."
"Recommended size: %spx x %spx.","Priporočljiva velikost: %spx x %spx."
"Recover","Vračilo"
"Redeem","Odkup"
"Redeeming Gift Card %@","Odkup darilne kartice %@"
"Redemption functionality is disabled.","Odkupna funkcionalnost je onemogočena."
"Refunded","Povrnjeno"
"Regions","Regije"
"Register","Registrirajte se"
"Registering cart ...","Registriranje košarice ..."
"Registering user ...","Registriranje uporabnika ..."
"Regular","Splošno"
"Regular and confirmation passwords must be equal","Splošno in potrditveno gesli morata biti enaki"
"Related Product Background Color","Barva ozadja povezanega produkta"
"Release To Update...","Izdajte za posodobitev ..."
"Relevance","Pomembnost"
"Remaining downloads","Preostalo prenosov"
"Remove","Odstranite"
"Remove Address...","Odstranite naslov ..."
"Removing %@...","Odstranjevanje %@..."
"Removing Coupon...","Odstanjevanje kupona ..."
"Removing Gift Card...","Odstranjujem darilno kartico ..."
"Removing Product from WishList...","Odstranjevanje produkta iz seznama želja ..."
"Removing Store Credit...","Odstranjevanje kredita trgovine ..."
"Request param %s is missed","Manjka parameter zahtevka %s"
"Required size: %spx x %spx.","Zahtevana velikost: %spx x %spx."
"Reset theme to default","Ponastavite temo na privzeto"
"Resubmission Key","Ponovno pošiljanje ključa"
"Resubmit App","Ponovno pošiljanje aplikacije"
"Resubmit App failure. %s","Ponovno pošiljanje aplikacije neuspešno. %s"
"Results","Rezultati"
"Revenue","Prihodki"
"Revert","Povrnite"
"Revert Discount","Povrnite popust"
"Review","Predogled"
"Rich Push allows you to create and send engaging experiences by adding HTML and other rich media components to your push notifications. Moving beyond alerts and badge updates, Rich Push takes users into the app while displaying content in a customizable WebKit view. Create branded messages that engage your users with new content and information, all without having to update your app. Learn more about Rich Push - <a href=""%1$s"" target=""_blank"">%1$s</a>","Bogato potiskanje vam omogoča ustvariti in poslati lepe izkušnje z dodajanjem HTML-ja in ostalih medijsko obogatenih komponent k vašim obvestilom potiskanja. Premik preko opozoril in posodobitev značk, bogato potiskanje vzame uporabnike v aplikacijo medtem ko prikazuje vsebino s prilagojenim pogledom WebKit. Ustvarite CGP sporočila, ki sodelujejo z vašimi uporabniki z novo vsebino in informacijami, vse brez potrebe po posodabljanju vaše aplikacije. Izvedite več o bogatem potiskanju - <a href=""%1$s"" target=""_blank"">%1$s</a>"
"SORT BY:","RAZVRSTITE PO:"
"Sample","Primer"
"Samples","Primeri"
"Save","Shranite"
"Save As","Shranite kot"
"Save Theme","Shranite temo"
"Save and Continue Edit","Shranite in nadaljujte urejanje"
"Save and Submit App","Shranite in pošljite aplikacijo"
"Save in address book","Shranite v knjigo naslovov"
"Saving Address...","Shranjujem naslov ..."
"Saving changes ...","Shranjujem spremembe ..."
"Saving shipping address ...","Shranjujem naslov za dostavo ..."
"Saving shipping methods ...","Shranjujem načine dostave ..."
"Screen resolution is not supported","Resolucija zaslona ni podprta"
"Screens:","Zasloni:"
"Scroll Background Color","Barva ozadja pomikanja"
"Search","Iskanje"
"Search Term","Izraz iskanja"
"Search Updated","Iskanje posodobljeno"
"Searching for %@...","Iskanje za %@..."
"Secondary Color","Sekundarna barva"
"Secondary Font Color","Sekundarna barva črk"
"See all","Poglejte vse"
"Select %@","Izberite %@"
"Select All","Izberite vse"
"Select Chart","Izberite grafikon"
"Select Links","Izberite povezave"
"Select Options","Izberite opcije"
"Select Payment Method","Izberite način plačila"
"Select Range","Izberite območje"
"Select a","Izberite"
"Select a Billing Address","Izberite naslov za izstavitev računa"
"Select a Shipping Address","Izberite naslov za dostavo"
"Select from Address Book","Izberite iz knjige naslovov"
"Select shipping method","Izberite način dostave"
"Selected product is unavailable.","Izbrani produkt ni na voljo."
"Send","Pošljite"
"Sender Information","Informacije pošiljanja"
"Sending e-mail failed...","Pošiljanje e-pošte ni uspešno ..."
"Set","Nastavite"
"Settings","Nastavitve"
"Shake device to reset the filter","Pretresite napravo, da ponastavite filter"
"Share","Delite"
"Share on LinkedIn","Delite naLinkedIn-u"
"Share on Twitter","Delite ne Twitter-ju"
"Ship method","Način dostave"
"Shipped","Dostavljeno"
"Shipping","Dostavljanje"
"Shipping Address","Naslov za dostavo"
"Shipping Method","Način dostave"
"Shipping address","Naslov za dostavo"
"Shipping address has been set.","Naslov za dostavo je nastavljen."
"Shipping method","Način dostave"
"Shipping method has been set.","Način dostave je bil nastavljen."
"Shipping method is required","Način dostave je zahtevan"
"Shipping method successfully updated","Način dostave je uspešno posodobljen"
"Shipping to this address is not possible.","Dostava na ta naslov ni možna."
"Shop","Nakupite"
"Shop All","Kupite vse"
"Shop Updated","Nakup posodoboljen"
"Shopping Cart","Košarica"
"Shopping cart is empty.","Košarica je prazna."
"Show Password","Prikažite geslo"
"Sign In","Prijavite se"
"Signing In...","Prijavljanje ..."
"Signing Out ...","Odjavljanje ..."
"Sky Blue","Nebesno modra"
"Social Networking","Socialno omrežje"
"Some emails were not sent.","Nekatera e-pošta ni poslana."
"Sorry, no quotes are available for this order at this time.","Opravičujemo se, vendar trenutno noben predračun ni na voljo za to naročilo."
"Sorry, there are no items in this category.","Se opravičujemo, vendar v tej kategoriji ni elementov."
"Special","Posebno"
"Special Excl. Tax","Posebno brez davka"
"Special Incl. Tax","Posebno z davkom"
"Specific Countries","Določene države"
"Specified address does not exist.","Določeni naslov ne obstaja."
"Specified invalid app code.","Določena neveljavna koda aplikacije."
"Specified invalid data.","Določeni neveljavni podatki."
"Specified item does not exist in wishlist.","Določen element ne obstaja v seznamu želja."
"Standard Checkout","Standardno naročilo"
"Standard Checkout uses the checkout methods provided by Magento. Only inline payment methods are supported. (e.g PayPal Direct,  Authorize.Net, etc.)","Standardno naročilo uporablja načine naročil ponujenih s strani Magenta. Podprti so samo medvrstični načini plačila. (npr. PayPal Direct,  Authorize.Net itd.)"
"Start Date","Začetni datum"
"Start Date - Month","Začetni datum - mesec"
"Start Date - Year","Začetni datum - leto"
"Starting At","Začne se ob"
"Starting At Excl. Tax","Začne se ob brez davka"
"Starting At Incl. Tax","Začne se ob z davkom"
"Starting at excl. tax","Začne se ob brez davka"
"Starting at incl. tax","Začne se ob z davkom"
"State/Province","Zvezna država/provinca"
"Status","Status"
"Storage of offline cart on server failed. Please retry later","Skladiščenje košarice brez povezave na strežniku ni uspešno. Prosimo, poskusite kasneje"
"Store Credit Info Updated","Informacije kredita trgovine neuspešno"
"Store Credit payment is not being used in your shopping cart.","Plačilo kredita trgovine ni uporabljeno v vaši košarici."
"Store View","Pogled trgovine"
"Store credit","Kredit trgovine"
"Store logo that is displayed on copyright page of app.","Logotip trgovine, ki je prikazan na strani avtorskih pravic aplikacije."
"Store switcher hasn\'t been defined","Preklapljanje trgovine ni definirano"
"Street Address","Ulica"
"Street Address 2","Ulica 2"
"Subject:","Zadeva:"
"Submission","Predložitev"
"Submission Fields","Polja predložitve"
"Submission History","Zgodovina predložitve"
"Submit App","Pošljite aplikacijo"
"Submit App ""%s""","Pošljite aplikacijo ""%s"""
"Submit App failure. %s","Pošiljanje aplikacije neuspešno. %s"
"Submit App failure. Invalid activation key provided","Pošiljanje aplikacije ni uspešno. Določen je neveljaven ključ aktivacije"
"Submit Review","Pošljite mnenje"
"Submitted","Poslano"
"Submitting Review...","Pošiljanje mnenja ..."
"Subtotal","Vmesni seštevek"
"Subtotal (Excl. Tax)","Vmesni seštevek (brez davka)"
"Subtotal (Incl. Tax)","Vmesni seštevek (z davkom)"
"Subtotal Excl. Tax","Vmesni seštevek brez davka"
"Subtotal Incl. Tax","Vmesni seštevek z davkom"
"Subtotal excluding tax","Vmesni seštevek brez davka"
"Subtotal incl. tax:","Vmesni seštevek z davkom:"
"Subtotal including tax","Vmesni seštevek z davkom"
"Subtotal:","Vmesni seštevek:"
"Success","Uspešno"
"Successfully posted to Facebook","Uspešno objavljeno na Facebook"
"Successfully posted to Linkedin","Uspešno objavljeno na Linkedin"
"Summary of Your Review","Povzetek vašega mnenja"
"Swipe a product to reveal more options","Potegnite produkt, da razkrijete več opcij"
"T-Shirts","Kratke majice"
"Tabs","Zavihki"
"Tax","Davek"
"Telephone","Telefon"
"Tell a Friend","Povejte prijatelju"
"Tell a Friend is disabled.","Povejte prijatelju je onemogočeno."
"Tell a Friend link has been sent.","Povezava povejte prijatelju je bila poslana."
"Template","Predloga"
"Template Content","Vsebina predloge"
"Template Name","Ime predloge"
"Template does not exist.","Predloga ne obstaja."
"Template for new AirMail Message does not exist.","Predloga za novo sporočilo AirMail ne obstaja."
"Template has been deleted.","Predloga je bila izbrisana."
"Terms And Conditions","Pravila in pogoji"
"Text length does not satisfy specified max text range.","Dolžina sporočila ne zadostuje določenemu največjemu območju teksta."
"Text length does not satisfy specified min text range.","Dolžina teksta ne zadostuje določenemu najmanjšemu območju teksta."
"Thank you for registering!","Hvala vam za registracijo!"
"Thank you for your purchase! ","Hvala vam za vaš nakup! "
"The %s field should be filled.","Polje %s bi moralo biti izpolnjeno."
"The Mailbox title will be shown in the More Info tab. To understand more about the title, please <a target=""_blank"" href=""http://www.magentocommerce.com/img/product/mobile/helpers/mail_box_title.png"">click here</a>","Naslov Mailbox bo prikazan v zavihku več informacij. Za večje razumevanje o naslovu, prosimo <a target=""_blank"" href=""http://www.magentocommerce.com/img/product/mobile/helpers/mail_box_title.png"">kliknite tu</a>"
"The application is currently inactive.\nPlease try again later.","Aplikacija je trenutno neaktivna.\nProsimo, poskusite kasneje."
"The cart is empty","Košarica je prazna"
"The custom amount value should be higher than 0.","Vrednost zneska po meri bi morala biti večja od 0."
"The custom amount value should not be higher than %s.","Vrednost zneska po meri ne bi smela biti večja od %s."
"The custom amount value should not be lower than %s.","Vrednost zneska po meri ne bi smela biti manjša kot %s."
"The following email(s) are either mistyped or have incorrect format. Check them and try again:\n","Sledeča e-pošta je bodisi napačno napisana ali pa ima napačen format. Preverite in poskusite ponovno:\n"
"The icon that appears in the Android Market.","Ikona, ki se pojavi v Android Market."
"The length of the text in the %s field is too big. Please shorten the text.","Dolžina teksta v polju %s je predolga. Prosimo, skrajšajte tekst."
"The max length of the field ""%@"" is %d!","Največja dolžina polja ""%@"" je %d!"
"The minimum password length is 6","Najmanjša dolžina gesla je 6"
"The server responded with invalid data.","Strežnik se je odzovel z neveljavnimi podatki."
"The shortening service returned status code %d indicating a client side error.","Storitev krajšanja je vrnila status kode %d, kar indicira na napako na strani klienta."
"The shortening service returned status code %d indicating a server side error.","Storitev krajšanja je vrnila status kode %d, kar indicira na napako strežniške strani."
"The store credit payment has been removed from shopping cart.","Plačilo kredita trgovine je bilo odstranjeno iz košarice."
"The value is too big!","Vrednost je prevelika!"
"The value should not be greater than %.2f!","Vrednost bi morala biti večja kot %.2f!"
"The value should not be less than %.2f!","Vrednost bi morala biti manjša kot %.2f!"
"Theme configurations are successfully reset.","Nastavitve teme so bile uspešno ponastavljene."
"Theme has been created.","Tema je bila ustvarjena."
"Theme has been delete.","Tema je bila izbrisana."
"Theme label can\'t be empty","Oznaka teme ne more biti prazna"
"Theme label:","Oznaka teme:"
"Theme name is not set.","Ime teme ni nastavljeno."
"There are files that were selected but not uploaded yet. After switching to another tab your selections may be lost. Do you wish to continue ?","Na voljo so datoteke, ki so bile izbrane, vendar niso še naložene. Po preklopu na drug zavihek, se lahko vaša izbira izgubi. Ali želite nadaljevati?"
"There are no items here","Tu ni nobenih elementov"
"There are no items in your cart","V vaši košarici ni nobenih elementov"
"There is an error in loading an app\'s configuration","Prišlo je do napake pri nalaganju nastavitev aplikacije"
"There is an error in retrieving the data. Please try again later","Prišlo je do napake pri prodobivanju podatkov. Prosimo, poskusite kasneje"
"There is no addresses for this contact","Ni na voljo naslova za ta kontakt"
"There is no store credit history!","Ni na voljo zgodovine kredita trgovine!"
"There were some problems with the data.","Prišlo je do nekih problemov s podatki."
"This email address was not found in our records.","Ta naslove e-pošte ni bil najden v naših vnosih."
"This functionality disabled in offline mode","Ta funkcionalnost je onemogočena v načinu brez povezave"
"This is a required field.","To je zahtevano polje."
"This product has no images.","Ta produkt nima slik."
"Title","Naslov"
"Title bar","Vrstica naslova"
"To","Do"
"To Excl. Tax","Do brez davka"
"To Incl. Tax","Do z davkom"
"To activate PayPal MEP payment method activate Express checkout first. ","Da aktivirate način plačila PayPal MEP, najprej aktivirajte Express checkout."
"To excl. tax","Do brez davka"
"To incl. tax","Do z davkom"
"To preview the newly uploaded images, please save your application first.","Za predogled novo naloženih slik, prosimo, najprej shranite vašo aplikacijo."
"To:","Za:"
"Token has not been set.","Žeton ni bil nastavljen."
"Too many recipients have been set.  Max amount of recipients is:","Preveč prejemnikov je bilo nastavljenih. Največje število prejemnikov je:"
"Top Search Terms","Najbolj iskani izrazi"
"Total","Skupaj"
"Total Order Amount","Skupni znesek naročila"
"Total incl. Tax: %1$s","Skupaj z davkom: %1$s"
"Total incl. tax","Skupaj z davkom"
"Totals","Skupaj"
"Touch and hold a product to delete from shopping cart","Dotaknite se in držite produkt, da ga izbrišete iz košarice"
"Touch and hold a product to reveal more options","Dotaknite se in držite produkt, da razkrijete več opcij"
"Try Again","Poskusite ponovno"
"Twitter","Twitter"
"Twitter API","Twitter API"
"Twitter API Key","Twitter API Key"
"Twitter Authorization","Avtorizacija Twitter"
"Twitter Autorization","Avtorizacija Twitter"
"Twitter Secret Key","Skriti ključ Twitter"
"Twitter post failed...","Objava na Twitter ni uspešna ..."
"Type","Tip"
"Type and data is required","Tip in podatki so zahtevani"
"URL","URL"
"Unable to cancel Mobile Express Checkout.","Preklic ni mogoč za Mobile Express Checkout."
"Unable to cancel queue.","Ni uspelo preklicati čakalne vrste."
"Unable to collect cart totals.","Ni uspelo zbrati celote košarice."
"Unable to delete queue.","Ni uspelo izbrisati čakalne vrste."
"Unable to find an app to delete.","Aplikacije za brisanje ni uspelo najti."
"Unable to find template to delete.","Predloge za brisanje ni uspelo najti."
"Unable to get shipping methods list.","Seznama načinov dostave ni mogoče dobiti."
"Unable to initialize MEP Checkout.","Ni uspelo inicializirati naročila MEP."
"Unable to initialize PayPal Mobile Express Checkout.","Inicializacija PayPal Mobile Express Checkout ni uspela."
"Unable to initialize express checkout review.","Inicializacija pregleda express checkout ni uspela."
"Unable to initialize express checkout shipping method list.","Ni uspelo inicializirati seznama načina dostave ekspresnega naročila."
"Unable to initialize return action.","Ni uspelo inicializirati akcije vračila."
"Unable to load addresses.","Ni mogoče naložiti naslovov."
"Unable to load application form.","Ni mogoče naložiti obrazca aplikacije."
"Unable to load banners.","Nalaganje pasic ni uspešno."
"Unable to load billing address form.","Ni uspelo naložiti obrazca naslova za izstavitev računa."
"Unable to load billing address.","Ni uspelo naložiti naslova za izstavitev računa."
"Unable to load categories.","Ni uspelo naložiti kategorij."
"Unable to load checkout.","Ni uspelo naložiti naročila."
"Unable to load localization.","Ni uspelo naložiti lokalizacije."
"Unable to load order list.","Ni uspelo naložiti seznama naročil."
"Unable to load order review.","Ni uspelo naložiti predogleda naročila."
"Unable to load product gallery.","Ni uspelo naložiti galerije produkta."
"Unable to load product info.","Ni uspelo naložiti informacije produkta."
"Unable to load product options.","Ni uspelo naložiti opcij produkta."
"Unable to load product review.","Ni uspelo naložiti pregleda produkta."
"Unable to load product reviews.","Ni uspelo naložiti pregledov produkta."
"Unable to load review form.","Ni uspelo naložiti obrazca za pregled."
"Unable to load search.","Iskanja ni uspelo naložiti."
"Unable to load shipping address form.","Obrazca naslova za dostavo ni uspelo naložiti."
"Unable to place the order.","Oddaja naročila ni uspela."
"Unable to post the review.","Objava pregleda ni uspela."
"Unable to process preview.","Procesiranje pregleda ni uspelo."
"Unable to render a gift card account.","Upodobitev računa darilne kartice ni uspela."
"Unable to render an order.","Upodobitev naročila ni uspela."
"Unable to render downloadable products.","Upodobobitev prenosljivih produktov ni uspela."
"Unable to render the store credits.","Upodobitev kreditov trgovine ni uspela."
"Unable to save app.","Shranjevanje aplikacije ni uspela."
"Unable to save message.","Shranjevanje sporočila ni uspelo."
"Unable to save shipping address.","Shranjevanje naslova za dostavo ni uspelo."
"Unable to save shipping method.","Shranjevanje načina dostave ni uspelo."
"Unable to save template.","Shranjevanje predloge ni uspelo."
"Unable to start MEP Checkout.","Začetek naročila MEP ni uspel."
"Unable to start Mobile Express Checkout.","Začetek naročila Mobile Express ni uspel."
"Unable to update shipping method.","Posodobitev načina dostave ni uspela."
"Undefined","Nedefinirano"
"Unit Price","Cena enote"
"Unit Price:","Cena enote:"
"Unknown Error","Neznana napaka"
"Unknown Error.","Neznana napaka."
"Unknown Payment Bridge Error","Neznana napaka plačilnega mostu"
"Unknown error ocured. Please retry later","Prišlo je do neznane napake. Prosimo, poskusite ponovno kasneje"
"Unsupported character in path: ""%s""","Nepodprti znak v poti: ""%s"""
"Unsupported value type received","Dobljen nepodprt tip vrednosti"
"Update Comment Error","Napaka posodabljanja komentarja"
"Update Preview","Posodobitev predogleda"
"Updating ...","Posodabljanje ..."
"Updating Cart...","Posodabljanje košarice ..."
"Upon receiving these credentials, please fill in the corresponding fields.","Pri pridobivanju teh overilnic, prosimo, izpolnite pripadajoča polja."
"Urban Airship Push Notification","Obvestilo potiskanja Urban Airship"
"Use Billing Address","Uproabite naslov za izstavitev računa"
"Use Store Credit (%s available)","Uporabite kredit trgovine (%s na voljo)"
"Use as my default billing address","Uporabite kot moj privzeti naslov za izstavitev računa"
"Use as my default shipping address","Uporabite kot moj privzeti naslov za dostavo"
"Use billing address for shipping","Za dostavo uporabite naslov za izstavitev računa"
"User Name:","Ime uporabnika:"
"User session is expired","Seja uporabnika je potekla"
"Version","Verzija"
"View Cart","Poglejte košarico"
"View Details","Poglejte podrobnosti"
"View Gallery","Poglejte galerijo"
"View Wishlist","Poglejte seznam želja"
"Warning: All related AirMail messages will be deleted!","Opozorilo: Vsa povezana sporočila AirMail bodo izbrisana!"
"Website is offline","Spletna stran je brez povezave"
"Website is offline.","Spletna stran je brez povezave."
"WishList Updated","Seznam želja posodobljen"
"Wishlist has been cleared.","Seznam želja je bil počiščen."
"Wishlist has been updated.","Seznam želja je bil posodoboljen."
"Wishlist has been updated. But there are accrued some errors while updating some items.","Seznam želja je bil posodobljen. Vendar prišlo je do nekih napak med posodabljanjem nekaterih elementov."
"Wishlist is empty.","Seznam želja je prazen."
"Write a Review","Napišite mnenje"
"Write a review","Napišite mnenje"
"Wrong Ipad background image orientation has been specified: ""%s"".","Določena je bila napačna orientacija Ipad ozadja slike: ""%s""."
"Wrong PayPal Mobile Express Checkout Token specified.","Določen napačen žeton naročila PayPal Mobile Express."
"Wrong device type.","Napačen tip naprave."
"Wrong email format","Napačen format e-pošte"
"Wrong or expired Gift Card Code.","Napačna ali pretekla koda darilne kartice."
"Wrong theme format.","Napačen format teme."
"YYYY","YYYY"
"Year","Leto"
"Yes","Da"
"You are already logged in.","Ste že prijavljeni."
"You are not logged in","Niste prijavljeni"
"You can watch statistics here.","Tu lahko gledate statistiko."
"You canceled your order. Touch ""Pay with PayPal"" to try again.","Preklicali ste vaše naročilo. Dotaknite se ""Pay with PayPal"", da poskusite ponovno."
"You have entered an incorrect decimal value in the custom amount field. Provide a valid value.","Vnesi ste napačno decimalno vrednost v polje zneska po meri. Ponudite veljavno vrednost."
"You have placed no orders.","Niste podali nobenih naročil."
"You have uncommitted actions. Commit?","Imate neposlane akcije. Pošljem?"
"You may also like","Morda vam bo tudi všel"
"You must login first","Najprej se morate prijaviti"
"You must read and agree to the Terms and Conditions before placing your order.","Prebrati in strinjati se morate s pravili in pogoji preden oddajate vaše naročilo."
"You need to enable PayPal Express Checkout first from the Payment configuration before enabling PayPal MECL.","Najprej morate omogočiti PayPal Express Checkout iz nastavitev plačil preden omogočate PayPal MECL."
"You will receive an order confirmation email with details of your order and a link to track its progress.","Prejeli boste e-pošto potrditve naročila s podrobnostmi vašega naročila in povezavo na sledenje njegovega napredka."
"Your current balance is:","Vaše trenutno stanje je:"
"Your order # is: %s. ","Vaše naročilo # je: %s. "
"Your order cannot be completed at this time as there is no payment methods available for it.","V tem trenutku vaše naročilo ne more biti zaključeno, saj ni načinov plačila na voljo."
"Your order failed. Touch ""Pay with PayPal"" to try again.","Vaše naročilo ni uspešno. Dotaknite se ""Pay with PayPal"", da poskusite ponovno."
"Your review has been accepted for moderation.","Vaš pregled je bil sprejet za moderacijo."
"Your tweet has been sent. Thanks for sharing this product on Twitter","Vaš tweet je bil poslan. Hvala za deljenje tega produkta na Twitter-ju"
"Zip/Postal Code","Poštna številka"
"\'%s\' exceeds the allowed file size: %d (bytes)","\'%s\' presega dovoljeno velikost datoteke: %d (bajtov)"
"\'%s\' height exceeds allowed value of %d px","\'%s\' višina presega dovoljeno vrednost %d px"
"\'%s\' is not a valid file extension. Allowed extensions: %s","\'%s\' ni veljavna končnica datoteke. Dovoljene končnice: %s"
"\'%s\' width exceeds allowed value of %d px","\'%s\' širina presega dovoljeno vrednost %d px"
"and","in"
"as Guest","kot gost"
"each","vsak"
"field is required","polje je zahtevano"
"iPad","iPad"
"iPhone","iPhone"
"image_id is required","image_id je zahtevan"
"not set","ni nastavljen"
"required","zahtevan"
"save","shranite"
"ver. %s","ver. %s"
